Bedrijfsnaam;Email;Stad;Regio
S.N. Moto;snmoto@libero.it;Milano;Lombardia
Stamoto;ricambi@stamoto.it;Milano;Lombardia
Moto & Sport;moto_e_sport@tiscali.it;Milano;Lombardia
Sarma Motorrad;contatti.usato.milano@sarma-motorrad.com;Milano;Lombardia
Motostar Honda;massimo.motostar@gmail.com;Milano;Lombardia
Motostar Honda (algemeen);motostar@motostar.it;Milano;Lombardia
Motostar Honda (ricambi);motostarricambi@gmail.com;Milano;Lombardia
Motostar Honda (assistenza);alberto.motostar@gmail.com;Milano;Lombardia
Moto Crea;info@motocrea.it;Milano;Lombardia
Giovanelli Moto (info);info@giovanellimoto.it;Milano;Lombardia
Giovanelli Moto (officina);andrea.picozzi@giovanellimoto.it;Milano;Lombardia
Giovanelli Moto (vendita);laura.giovanelli@giovanellimoto.it;Milano;Lombardia
Giovanelli Moto (ricambi);alessandra.giovanelli@giovanellimoto.it;Milano;Lombardia
CMTmotor Milano;milano@cmtmotor.com;Milano;Lombardia
Francone Moto;info@franconemoto.it;Milano;Lombardia
Francone Moto (service);service@franconemoto.it;Milano;Lombardia
MaMaMoto;info@mamamoto.it;Milano Lambrate;Lombardia
Moto 39;moto39sas@gmail.com;Milano;Lombardia
Ducati Milano (vendita);info-mi@ducatimilano.it;Milano;Lombardia
Ducati Milano (ricambi);ricambi-mi@ducatimilano.it;Milano;Lombardia
Ducati Milano (assistenza);assistenza-mi@ducatimilano.it;Milano;Lombardia
Ducati Milano (e-commerce);e-commerce@ducatimilano.it;Milano;Lombardia
Ducati Sesto San Giovanni (vendita);info@ducatimilano.it;Sesto San Giovanni (MI);Lombardia
Ducati Sesto San Giovanni (ricambi);ricambi@ducatimilano.it;Sesto San Giovanni (MI);Lombardia
Ducati Sesto San Giovanni (assistenza);assistenza@ducatimilano.it;Sesto San Giovanni (MI);Lombardia
Pogliani;info@pogliani.com;Sesto San Giovanni (MI);Lombardia
Pogliani (officina);officina@pogliani.com;Sesto San Giovanni (MI);Lombardia
MG Moto;mgmotomilano@gmail.com;Cormano (MI);Lombardia
MV Moto;info@mvmoto.it;Rho (MI);Lombardia
CMTmotor Rozzano;rozzano@cmtmotor.com;Rozzano (MI);Lombardia
Giava Motors;info@giavamotors.com;Monza;Lombardia
Valtermoto Group;info@valtermotogroup.com;Seregno (MB);Lombardia
CMTmotor Monza;monza@cmtmotor.com;Monza;Lombardia
Motosalone Cavallotti;info@motocavallotti.com;Monza;Lombardia
Triumph Bergamo;triumphbergamo@gmail.com;Bergamo;Lombardia
RS Moto Honda;info@rsmoto.it;Bergamo;Lombardia
Dall'Ara Moto;info@dallaramoto.com;Bergamo;Lombardia
Dall'Ara Ezio Mototecnica;ezio.dallara@yahoo.it;Bergamo;Lombardia
Dall'Ara Ezio Mototecnica (info);info@dallaraezio.com;Bergamo;Lombardia
Farioli SRL (KTM);info@fariolisrl.com;Bergamo;Lombardia
Motoabbigliamento Brescia;brescia@motoabbigliamento.it;Brescia;Lombardia
Harley-Davidson Torino;info@harley-davidson-torino.it;Torino;Piemonte
Motorbike Center;info.to@motorbikecenter.it;Torino;Piemonte
Martinelli Moto;info@martinellimoto.com;Torino;Piemonte
Quattrocchi Moto;quattrocchimoto@libero.it;Torino;Piemonte
CMTmotor Torino;torino@cmtmotor.com;Torino;Piemonte
Royal Enfield Torino;info@royalenfieldtorino.it;Torino;Piemonte
Girelli Motors;info@girellimotors.it;Verona;Veneto
Motolandia;info@motolandiasrl.com;Verona;Veneto
Fabbris Moto;info@fabbrismoto.com;Verona;Veneto
Giraldo Moto;info@giraldomoto.com;Padova;Veneto
Harley-Davidson Padova;info@harleydavidsonpadova.com;Padova;Veneto
Indian Moto Padova;info@indianmoto-padova.it;Padova;Veneto
American Motorcycles Bologna (Harley-Davidson);info@harleydavidsonbologna.com;Bologna;Emilia-Romagna
Franchini e Alpinoli;franchiniealpinoli@hondaitalia.com;Modena;Emilia-Romagna
Superbike Srl;info@superbikemo.it;Modena;Emilia-Romagna
Top Motor;info@topmotor.it;San Prospero (MO);Emilia-Romagna
