Bedrijfsnaam;Email;Stad;Land/Regio
Gregoir Motorbikes BMW;thebelgianbikers@gregoir.com;Jette (Brussel);België
Gregoir Motorbikes BMW (info);info.motorrad@gregoir.net.bmw.be;Jette (Brussel);België
Motors Thomas G. (Kawasaki/Triumph);info@motorsthomas.be;Stabroek (Antwerpen);België
Moto Center Mertens (Kawasaki);info@motocentermertens.be;Tielt-Winge;België
De Baets Motors & More;info@debaetsmotoren.be;Hasselt;België
Motorama;info@motorama.be;Hasselt;België
Motorshop Desmet (Yamaha/KTM);info@motorshop-desmet.be;Waregem;België
Motorshop Gent Yamaha;motogent@proximus.be;Merelbeke (Gent);België
Ducati Antwerpen (service);service@ducatiantwerpen.be;Antwerpen;België
Ducati Gent (sales);sales@ducatigent.be;Gent;België
RAD Hasselt;info@rad.eu;Herk-de-Stad (Limburg);België
Umberto Honda Liège (moto);info.moto@umberto-honda.be;Loncin (Liège);België
Umberto Honda Liège (algemeen);info@umberto-honda.be;Loncin (Liège);België
Moto Store Liège;info@motostoreliege.be;Flémalle (Liège);België
Husqvarna Liège;info@husqvarnaliege.be;Liège;België
Classic Motos Ducati/Sherco;classicmotos.liege@gmail.com;Visé (Liège);België
Motodis Esch (info);info@autodis.lu;Esch-sur-Alzette;Luxemburg
Motodis Esch (verkoop);eric.romanazzi@autodis.lu;Esch-sur-Alzette;Luxemburg
Motodis Mersch (info);info@autodis.lu;Mersch;Luxemburg
Motodis Mersch (verkoop);limongi.julien@autodis.lu;Mersch;Luxemburg
Motolux (shop);motoshop@pt.lu;Livange;Luxemburg
Motolux (atelier);ateliermotolux@gmail.com;Livange;Luxemburg
Mototech;mototech@pt.lu;Steinsel;Luxemburg
Indian Motorcycle Luxembourg;contact@indian-luxembourg.lu;Foetz;Luxemburg
KTM Shop Luxembourg;info@ktmshop.lu;Wickrange;Luxemburg
Moto Plus Wavrin;d.flament@moto-plus.eu;Wavrin (Lille);Frankrijk
L'Atelier du 62 (Kawasaki/Voge);bertrand@latelierdu62.fr;Noyelles-sous-Lens;Frankrijk
VSP Motos Suzuki Reims;contact@vsp51.com;Reims;Frankrijk
Direct Moto CFMOTO;directmoto@live.fr;Muizon (Reims);Frankrijk
Motomob Nancy;motomob@wanadoo.fr;Essey-lès-Nancy;Frankrijk
Motos Schumpp Strasbourg (commercial);commercial@strasbourg-ducati.com;Eckbolsheim (Strasbourg);Frankrijk
Ducati Strasbourg Schumpp (admin);admin@strasbourg-ducati.com;Eckbolsheim (Strasbourg);Frankrijk
Paris Est Moto Ducati/Suzuki;contact@paris-est-moto.fr;Champigny-sur-Marne;Frankrijk (Paris)
Paris Est Moto Ducati/Suzuki (alt);paris-est-motos@orange.fr;Champigny-sur-Marne;Frankrijk (Paris)
Vmoto Paris;contact@vmoto-paris.fr;Paris 11e;Frankrijk (Paris)
Triumph Elysee Motor (atelier);triumph.atelier@elyseemotor.com;Paris 16e;Frankrijk (Paris)
4EN1 Honda Paris;lafayette-gestion.3.2.2.31.2@welcome-pro.fr;Paris 10e;Frankrijk (Paris)
Scoot Connexion;scootconnexion@gmail.com;Paris 11e;Frankrijk (Paris)
MG Scooters Versailles;contact@mgscooters.com;Versailles;Frankrijk (Île-de-France)
Cycles Jacquot Versailles;contact@cycles-jpjacquot.com;Versailles;Frankrijk (Île-de-France)
