Bedrijfsnaam;Email;Stad;Kanton/Regio
Moto Center Zürich;info@moto-center-zh.ch;Brüttisellen;Zürich
Motorrad Zürich AG Honda;info@honda-zuerich.ch;Volketswil;Zürich
hostettler moto ag Zürich Süd;zuerich-sued@hostettler-moto.ch;Adliswil;Zürich
Erne's Euromotos AG Triumph;info@ernes.ch;Zürich;Zürich
Cahenzli Motos;roland.cahenzli@bluewin.ch;Zürich;Zürich
Moto Center Winterthur;info@moto-center-winterthur.ch;Winterthur;Zürich
Moto Rumble GmbH;info@motorumble.ch;Basadingen;Zürich
Moto 69 GmbH;info@moto69.ch;Dättwil;Aargau
Moto Sieber GmbH Yamaha;info@motosieber.ch;Liebefeld;Bern
Spätig Motorrad AG BMW;info@spaetigmotorrad.ch;Ursenbach;Bern
Matter Motos Yamaha;info@matter-motos.ch;Flüh;Solothurn
Moto-Tech Zentralschweiz AG Ducati;info@mototech-zs.ch;Perlen;Zug
Felber Motorrad GmbH;info@felber-motorrad.ch;Oberkirch;Luzern
Simota-Bikes GmbH;contact@simota-bikes.ch;Root;Luzern
hostettler moto ag Luzern;luzern@hostettler-moto.ch;Kriens;Luzern
British Parts Luzern;info@britishpartsluzern.ch;Luzern;Luzern
Moto Center Schwyz AG;info@motocenterschwyz.ch;Seewen;Schwyz
Moto Center West AG Indian;info@moto-center-west.ch;St. Gallen;St. Gallen
Badan Motos Yamaha;info@badan-motos.ch;Genève;Genève
Pacific Motos Yamaha;contact@pacific-motos.ch;Genève;Genève
Centre Honda Genève;centre@hondageneve.com;Genève;Genève
Motos Live;contact@motos-live.ch;Genève;Genève
GVA Motos;info@gvamotos.ch;Genève;Genève
Facchinetti Motos Meyrin BMW;motos-ge@facchinetti.ch;Meyrin;Genève
Ares Motors Ducati (info);info@ares-motors.ch;Echandens;Vaud
Ares Motors Ducati (vente);vente@ares-motors.ch;Echandens;Vaud
Ares Motors Ducati (atelier);atelier@ares-motors.ch;Echandens;Vaud
Moto Furia (info);info@moto-furia.ch;Lausanne;Vaud
Moto Furia (vente);vente@moto-furia.ch;Lausanne;Vaud
Moto Furia (sav);sav@moto-furia.ch;Lausanne;Vaud
Moto Loisirs SA Kawasaki;motoloisirs@bluewin.ch;Lausanne;Vaud
Michel Moto SA (contact);contact@michelmoto.ch;Lausanne;Vaud
Michel Moto SA (atelier);atelier@michelmoto.ch;Lausanne;Vaud
Michel Moto SA (pieces);pieces@michelmoto.ch;Lausanne;Vaud
Facchinetti Motos Crissier;motos-cr@facchinetti.ch;Crissier;Vaud
2 Roues Lausanne-Chailly;b.rosset@citycable.ch;Lausanne;Vaud
Pôle Mécanique;garage@polemecanique.ch;Vich;Vaud
GBK Group Yamaha;info@gbkmotos.ch;Gland;Vaud
Florymotos SA Yamaha;florymotos@bluewin.ch;Agno;Ticino
