Bedrijfsnaam,Email,Telefoon,Adres,Postcode,Plaats,Merken
Rameis Motorradhandel,office@rameis-motorrad.at,+43 7259 34934,Grünfeldstr. 51,4523,Neuzeug,
IL MOTO Wien,,+43 1 2725000,,,Wien,
Zweirad Wimmer,Christoph.wimmer@zweirad-wimmer.at,+43 7728 7004,Braunauer Str. 1,5134,Schwand im Innkreis,KTM Husqvarna
2-Rad Breinlinger,office@2rad-breinlinger.at,+43 6245 73600,Salzachtalstraße 50,5400,Hallein,
2-Rad Breinlinger Verkauf,verkauf@2rad-breinlinger.at,+43 6245 73600-19,Salzachtalstraße 50,5400,Hallein,
2-Rad Breinlinger Ersatzteile,ersatzteile@2rad-breinlinger.at,+43 6245 73600,Salzachtalstraße 50,5400,Hallein,
2-Rad Breinlinger Bikershop,bikershop@2rad-breinlinger.at,+43 6245 73600,Salzachtalstraße 50,5400,Hallein,
Watzinger Motorrad,info@watzinger-motorrad.at,+43 732 239240,Freistädter Straße 328a,4040,Linz,
Zweirad Stipper,stipper@autohaus-stipper.at,+43 3463 2389-13,Pichling 134,8510,Stainz,
Enfield Motorcycles,office@enfield-motorcycles.at,,,,Royal Enfield
Zweirad Kurt Hubeny,info@zweirad-hubeny.at,+43 2573 2797,,,Wilfersdorf,
Motorrad Mayer,office@motorrad-mayer.at,+43 2622 82264,Waldschulgasse 1,2700,Wiener Neustadt,
KTM Schruf,office@ktm-schruf.at,+43 2672 84115,Bundesstraße 28,2563,Pottenstein,KTM
DMX Bikes,sebastian@dmxbikes.at,+43 699 11352254,Eschengasse 4,2384,Breitenfurt bei Wien,Elektro
RFN Bikes,info@rfnbike.at,+43 664 5286333,Ambergstraße 16,6430,Ötztal Bahnhof,
BCV Reparaturen GmbH,,+43 1 2148897,Ernst Renz Gasse 7,1020,Wien,
Harley-Davidson Wien,,+43 1 8945700,Brünner Str. 111,1210,Wien,Harley-Davidson
KTM Wien,,+43 1 7986030,Simmeringer Hauptstr. 96,1110,Wien,KTM
Honda Schmidinger Wien,,+43 1 6164515,Breitenfurter Str. 219,1230,Wien,Honda
BMW Wien,,+43 1 68001-0,Heiligenstädter Str. 31,1190,Wien,BMW
Yamaha Wien,,+43 1 8131535,Erdbergstr. 189-193,1030,Wien,Yamaha
Suzuki Leobersdorf,,+43 2256 62281,Industriestr. 19,2544,Leobersdorf,Suzuki
Kawasaki Perchtoldsdorf,,+43 1 8693020,Wiener Gasse 109,2380,Perchtoldsdorf,Kawasaki
Triumph Salzburg,,+43 662 660366,Münchner Bundesstr. 116,5020,Salzburg,Triumph
BMW Salzburg,,+43 662 8888-0,Alpenstr. 99,5020,Salzburg,BMW
Honda Flatscher Salzburg,,+43 662 433355,Schillerstr. 30,5020,Salzburg,Honda
KTM Graz,,+43 316 493536,Wiener Str. 238,8051,Graz,KTM
BMW Graz,,+43 316 2807-0,Conrad v. Hötzendorf-Str. 127,8010,Graz,BMW
Ducati Graz,,+43 316 283228,Wiener Str. 374,8051,Graz,Ducati
Yamaha Graz,,+43 316 402600,Liebenauer Hauptstr. 2-6,8041,Graz,Yamaha
Harley-Davidson Graz,,+43 316 426120,Liebenauer Gürtel 59,8041,Graz,Harley-Davidson
Honda Linz,,+43 732 7897460,Wiener Str. 131,4020,Linz,Honda
BMW Linz,,+43 732 3717-0,Salzburger Str. 271,4030,Linz,BMW
Kawasaki Innsbruck,,+43 512 343656,Grabenweg 64,6020,Innsbruck,Kawasaki
BMW Innsbruck,,+43 512 3327-0,Griesauweg 28,6020,Innsbruck,BMW
