name,email,country,address,postcode,city,website,status,source,reaction,sent_at
2D Moto Saintes,contact@2dmoto.fr,FR,,,Saintes,https://www.2dmoto.fr,new,web-search-feb2026,,
2Radzentrum Karlsruhe,info@2radzentrum-karlsruhe.de,DE,,,Karlsruhe,,new,web-search-feb2026,,
3D Motoren,info@3dmotoren.nl,,Verbindingsweg 12,5527AM,Hapert,http://www.3dmotoren.nl,new,motoroccasion.nl,,
A. van Andel Motorrijwielen,info@avanandel.nl,,Leijensteinstraat 15-A,5331CS,Kerkdriel,http://www.avanandel.nl,new,motoroccasion.nl,,
A.D. Pugliese BMW Motorrad Sicilia,usato.moto@adpugliese.bmw.it,IT,,,Melilli,https://www.adpugliese.it,new,web-search-feb2026,,
A3 Motoren,a3motoren@gmail.com,,Gebbelsweg 19,6035EA,Ospel,http://www.a3motoren.nl,new,motoroccasion.nl,,
ACB Brussels-Delta,aftersales.delta@acbrussels.be,BE,,1160,Auderghem,https://acb-group.be,new,web-search-feb2026,,
ACUT Moto Praha,info@acutmoto.cz,CZ,,,Praha,,new,web-search-feb2026,,
AE Motorbikes,info@aemotorbikes.nl,,curieweg 18,8013RA,Zwolle,https://www.aemotorbikes.nl/,new,motoroccasion.nl,,
AF Motobikes Heidelberg,info@af-motobikes.de,DE,,,Heidelberg,,new,web-search-feb2026,,
AHAG BMW Gelsenkirchen,info@ahag-bmw.de,DE,,45897,Gelsenkirchen,https://ahag-group.de,new,web-search-feb2026,,
AM motoren,maikelanna@outlook.com,,Leerlooier 7G,9502KG,Stadskanaal,https://ammotoren.nl/,new,motoroccasion.nl,,
AMR Motorfietsen,info@amrmotorfietsen.nl,,Amsterdamseweg 13A,1422AC,Uithoorn,http://www.amrmotorfietsen.nl,new,motoroccasion.nl,,
AMS Schweinfurt,info@ams-schweinfurt.de,DE,,,Schweinfurt,https://ams-schweinfurt.de,new,web-search-feb2026,,
AMT Motors,info@amtmotors.nl,,Braillestraat 1A,2691HX,s-Gravenzande,http://www.amtmotors.nl,new,motoroccasion.nl,,
ARN Motors,verkoop@arnmotors.nl,,Steenbokstraat 27,7324AZ,Apeldoorn,https://arnmotors.nl/,new,motoroccasion.nl,,
ATR Buschdorf,info@atr.lu,LU,,L-7418,Buschdorf,,new,web-search-feb2026,,
ATT Racing Zwijndrecht,info@attracing.be,BE,,,Zwijndrecht,https://www.attracing.be,new,web-search-feb2026,,
ATVA Brno,brno@atvamoto.cz,CZ,,,Brno,https://www.swm-motor.cz,new,web-search-feb2026,,
Aankoopmotoren.be,info@aankoopmotoren.be,BE,,,Kortrijk,https://www.aankoopmotoren.be,new,web-search-feb2026,,
Abco Motors,info@abcomotors.nl,,Productweg 6,4387PG,Vlissingen,http://www.abcomotors.nl,new,motoroccasion.nl,,
Action Sports Verviers,info@actionsports.be,BE,,,Verviers,https://b2b.actionsports.be,new,web-search-feb2026,,
Ad Motoren,info@admotoren.nl,,Lijnbaan 65,1969ND,Heemskerk,http://www.admotoren.nl,new,motoroccasion.nl,,
Advance 3000 Cholet,pieceadvance@gmail.com,FR,,,Cholet,https://www.cf-moto.fr,new,web-search-feb2026,,
Adventure Bike Experience Center,info@adventure-bike.nl,,IJzerweg 21,8111CW,Heeten,http://www.Adventure-Bike.nl,new,motoroccasion.nl,,
Adventureshield,info@adventureshield.nl,,Kanaalstraat 3,7858TE,Eeserveen,http://www.adventureshield.nl,new,motoroccasion.nl,,
Aero Motoren,info@aeromotoren.nl,,Meer en Duin 325,2163HE,Lisse,http://www.aeromotoren.nl,new,motoroccasion.nl,,
Affetto Ducati,info@affettoducati.nl,,Ewijkseweg 3,6611AG,Overasselt,http://www.affetto.nl,new,motoroccasion.nl,,
Aimery Racing,info@aimeryracing.be,BE,,,Province Luxembourg,https://aimeryracing.be,new,web-search-feb2026,,
Alfamotors,info@alfamotors.nl,,Tuinderij 11,2451GG,Leimuiden,http://www.alfamotors.nl,new,motoroccasion.nl,,
Almia Motors Cagliari,info@almiamotors.it,IT,,,Cagliari,https://www.almiamotors.it,new,web-search-feb2026,,
Alpenmove Garmisch,info@alpenmove.de,DE,,,Garmisch-Partenkirchen,https://www.alpenmove.de,new,web-search-feb2026,,
Altitude Moto (Honda Grenoble),contact@altitude-moto.com,FR,,,Grenoble,,new,web-search-feb2026,,
American Bike Store,americanbikestore@gmail.com,,De Cres 16,1749DH,Warmenhuizen,http://www.americanbikestore.nl,new,motoroccasion.nl,,
Anbergen Motoren,info@anbergenmotoren.nl,,Herenstraat 79-B,7776AM,Slagharen,http://www.anbergenmotoren.nl,new,motoroccasion.nl,,
Andre Motors,info@andremotors.nl,,Marienhoef 12,3851ST,Ermelo,http://www.andremotors.nl,new,motoroccasion.nl,,
Arco Piaggio,info@arcopiaggio.it,IT,,,Italia,https://arcopiaggio.it,new,web-search-feb2026,,
Arie Molenaar Motors,info@ariemolenaarmotors.nl,,Einsteinweg 4,3404LK,IJsselstein,http://www.ariemolenaarmotors.nl,new,motoroccasion.nl,,
Arnolds Motorshop,info@arnolds-motorshop.nl,,A. Plesmanlaan 11,9615TJ,Kolham,http://www.arnolds-motorshop.nl,new,motoroccasion.nl,,
Autohaus Schmack Hof,autohaus.schmack@schmack.de,DE,,95030,Hof,https://motorrad-schmack.de,new,web-search-feb2026,,
Autotrend Taranto,info@autotrend.biz,IT,,,Taranto,https://www.autotrend.it/sedi/taranto/,new,web-search-feb2026,,
Autovega Ducati Vicenza,info@autovega.com,IT,,,Vicenza,https://www.autovega.com/ducati/,new,web-search-feb2026,,
Autoverkehr Bern BMW Motorrad,motorrad@bern.autoverkehr.ch,CH,,,Bern,https://autoverkehr.ch,new,web-search-feb2026,,
Auvergne Motos Aubière,nicolas@auvergne-motos.fr,FR,,,Aubière,https://reseau.motoconcess.fr/auvergne-motos,new,web-search-feb2026,,
Avignon Motors Group,j.tatry@suttelgroup.com,FR,,,Avignon,,new,web-search-feb2026,,
BEWO Motoren Lichtenvoorde,bewomotoren@gmail.com,,Newtonstraat 6a,7131PP,Lichtenvoorde,https://bewomotoren.nl,new,motoroccasion.nl,,
BK Motoren,info@bkmotoren.nl,,Gildeweg 19 A,4383NH,Vlissingen,https://bkmotoren.nl,new,motoroccasion.nl,,
BMB Motoren BV,info@bmbmotoren.nl,,Rembrandtlaan 17,5462CJ,Veghel,https://bmbmotoren.nl,new,motoroccasion.nl,,
BMW Aurich (Tekken),info@bmw-aurich.de,DE,,,Aurich,https://tekken.de,new,web-search-feb2026,,
BMW Louyet Mons,mons@louyet.be,BE,,,Mons,https://louyet.bmw.be/fr/Mons,new,web-search-feb2026,,
BMW Louyet Namur,namur@louyet.be,BE,,,Wierde,https://louyet.bmw.be/fr/namur,new,web-search-feb2026,,
BMW Motorrad Amplitude Motos Tours,contact-motos@amplitude.net.bmw.fr,FR,,37170,Chambray-lès-Tours,https://axxia.fr,new,web-search-feb2026,,
BMW Motorrad Bohling u. Eisele Karlsruhe,info@bohling-eisele.de,DE,,,Karlsruhe,https://www.bmw-motorrad.de/bohling-eisele-karlsruhe,new,web-search-feb2026,,
BMW Motorrad Car Avenue Metz,contactsmoto@caravenue.net.bmw.fr,FR,,,Metz,,new,web-search-feb2026,,
BMW Motorrad Club Catania (Nuova Sport Car),info@bmwmotorradclubcatania.com,IT,,95100,Catania,,new,web-search-feb2026,,
BMW Motorrad Club Firenze (Nova Moto),info@bmwmotorradclubfirenze.it,IT,,50127,Firenze,,new,web-search-feb2026,,
BMW Motorrad Dupont Motos Montargis,contactmontargis@dupont.net.bmw.fr,FR,,45200,Amilly,https://axxia.fr,new,web-search-feb2026,,
BMW Motorrad Dupont Motos Orléans,contact2@dupont.net.bmw.fr,FR,,45160,Olivet,https://axxia.fr,new,web-search-feb2026,,
BMW Motorrad Genève-Meyrin (Facchinetti),motos-ge@facchinetti.ch,CH,,,Meyrin,,new,web-search-feb2026,,
BMW Motorrad Hannover Service,motorradservice.hannover@bmw.de,DE,,30539,Hannover,https://www.bmw-hannover.de,new,web-search-feb2026,,
BMW Motorrad Panel Bourges,bourges@panel.net.bmw.fr,FR,,18230,Saint-Doulchard,https://axxia.fr,new,web-search-feb2026,,
BMW Motorrad Panel Châteauroux,chateauroux@panel.net.bmw.fr,FR,,36000,Châteauroux,https://axxia.fr,new,web-search-feb2026,,
BMW Motorrad Stuttgart,motorrad-stuttgart@bmw.de,DE,,70569,Stuttgart,https://www.bmw-stuttgart.de,new,web-search-feb2026,,
BMW Motorrad Zentrum Nürnberg,motorrad.nuernberg@bmw.de,DE,,90441,Nürnberg,https://www.bmw-motorrad.de/nuernberg,new,web-search-feb2026,,
BMW Motorradcenter Heermann-Rhein,info@heermann-rhein-motorrad.de,DE,,,Heilbronn,https://heermann-rhein-motorrad.de,new,web-search-feb2026,,
BMW Niederlassung Hannover,nl-hannover@bmw.de,DE,,30539,Hannover,https://www.bmw-hannover.de,new,web-search-feb2026,,
BMW Pautric Drogenbos,info.drogenbos@pautric.be,BE,,,Drogenbos,https://www.pautric.bmw.be,new,web-search-feb2026,,
BMW Pautric Woluwe,info.woluwe@pautric.be,BE,,,Woluwe,https://www.pautric.bmw.be,new,web-search-feb2026,,
BNM Motoren,motor@bnm-motoren.nl,,Weeskinderendijk 5,3314CM,Dordrecht,https://bnm-motoren.nl,new,motoroccasion.nl,,
BS2 Moto,bs2moto@gmail.com,FR,,,Saint-Étienne-de-Montluc,https://bs2moto.fr,new,web-search-feb2026,,
BTN Motoren,info@btnmotoren.nl,,Hazenberg 18,6971LC,Brummen,https://btnmotoren.nl,new,motoroccasion.nl,,
Baldassarre Moto BMW Bari,vittoria.giannoccaro@mb.conc-bmw.com,IT,,70124,Bari,,new,web-search-feb2026,,
Barbier Motorsport Havelte,info@barbiermotorsport.nl,,Oeveraseweg 6,7971PA,Havelte,http://barbiermotorsport.nl,new,motoroccasion.nl,,
Bariseau Mottrie Brugge (Aftersales),aftersales.brugge@bariseaumottrie.be,BE,,,Brugge,https://www.bariseaumottrie.be,new,web-search-feb2026,,
Bariseau Mottrie Brugge (Sales),sales.brugge@bariseaumottrie.be,BE,,,Brugge,https://www.bariseaumottrie.be,new,web-search-feb2026,,
Beekman Motoren,info@beekmanmotoren.nl,,Holterweg 128,7434PB,Lettele,https://beekmanmotoren.nl,new,motoroccasion.nl,,
Beeks Motoren,jellebeek@live.nl,,Hazenberg 20E,6971LC,Brummen,https://beeksmotoren.nl,new,motoroccasion.nl,,
Benjan Motoren,info@benjan.nl,,Kaartenmakersstraat 1,2984CB,Ridderkerk,https://www.benjan.nl,new,motoroccasion.nl,,
Bernards Motorrad Service,kontakt@bmsmotorrad.de,DE,,,Berlin-Brandenburg,https://www.bernards-motorrad-service.de,new,web-search-feb2026,,
Beugol Motoren,info@beugol-motoren.nl,,Garderbroekerweg 59,3774JC,Kootwijkerbroek,https://www.beugol-motoren.nl,new,motoroccasion.nl,,
Biemme Moto Trento,info@biemmemoto.net,IT,,,Trento,https://www.biemmemoto.net,new,web-search-feb2026,,
Bike & Cars Jena,helbig@bikeandcars-jena.de,DE,,,Jena,https://motorrad-jena.de,new,web-search-feb2026,,
Bike Centre Holland,info@bikecentreholland.nl,,Stadhoudersmolenweg 54-B,7317AX,Apeldoorn,https://bikecentreholland.nl,new,motoroccasion.nl,,
Bike Performance by Joachim Fegert,info@moto-nbg.de,DE,,,Neuenbürg,https://www.moto-nbg.de,new,web-search-feb2026,,
Bike-Barn bv,info@bike-barn.nl,,Zuiderinslag 8-G,3871MR,Hoevelaken,https://bike-barn.nl,new,motoroccasion.nl,,
BikerFun,bikerfun.info@gmail.com,,Rafaelweg 23,6114BX,Susteren,https://bikerfun.nl,new,motoroccasion.nl,,
Bikers Essen,info@bikers-essen.de,DE,,,Mülheim,http://www.fahrschule-bikers.de,new,web-search-feb2026,,
Bisschop Motoren,info@bisschop-motoren.nl,,Mr. J.B. Kanlaan 48,7715PN,Punthorst,https://www.bisschop-motoren.nl,new,motoroccasion.nl,,
Blauweplaat Motoren,info@blauweplaat.nl,NL,,,Veldhoven,https://www.blauweplaat.nl,new,web-search-feb2026,positive,
Bloemert Motoren,info@bloemertmotoren.nl,,Achthoevenweg 14b,7951SK,Staphorst,https://bloemertmotoren.nl,new,motoroccasion.nl,,
Blom Motoren,info@blommotoren.nl,,'t Koendert 4,3831RB,Leusden,https://www.blommotoren.nl,new,motoroccasion.nl,,
Blue Bike Reggio Emilia,info@bluebike-re.it,IT,,,Reggio Emilia,https://www.bluebike-re.it,new,web-search-feb2026,,
Blue Bikes Delft,info@bluebikesdelft.nl,,Willem Hooftstraat 31,2614EV,Delft,https://www.bluebikesdelft.nl,new,motoroccasion.nl,,
Bolman Motoren Den Haag,info@bolmanmotoren.nl,NL,,,Den Haag,https://bolmanmotoren.nl,new,web-search-feb2026,,
Bos Motoren,info@bosmotoren.nl,,Pascalweg 7,4104BE,Culemborg,https://www.bosmotoren.nl,new,motoroccasion.nl,,
Bosgoed Motoren,jeroen@bosgoedmotoren.nl,,Eperweg 50A,8181EX,Heerde,https://www.bosgoedmotoren.nl,new,motoroccasion.nl,,
Boshuizen Motor Service,info@boshuizenmotorservice.nl,,Barkstraat 1,8102GV,Raalte,https://www.boshuizenmotorservice.nl,new,motoroccasion.nl,,
Brabant Motors Grave,info@brabantmotors.nl,,Bosschebaan 9,5363SW,Grave,https://www.brabantmotors.nl,new,motoroccasion.nl,,
Brinkman Motoren,info@brinkmanmotoren.nl,,Dokter Larijweg 167-A,7961NV,Ruinerwold,https://brinkmanmotoren.nl,new,motoroccasion.nl,,
Brouwer Motors,info@brouwermotors.nl,,Wielweg 14,3785KR,Zwartebroek,https://www.brouwermotors.nl,new,motoroccasion.nl,,
Bräuer Motorradsport Emmerke,info@braeuer-motorradsport.de,DE,,,Emmerke,https://www.braeuer-shop.de,new,web-search-feb2026,,
Böning Motorräder Koblenz,info@boening.de,DE,,,Koblenz,https://www.boening.de,new,web-search-feb2026,,
CC Motors Sète,ccmotorssete@hotmail.com,FR,,34200,Sète,https://cc-motors.fr,new,web-search-feb2026,,
CG Motoren,cgmotoren@gmail.com,,Akkerstraat 7,5126PJ,Gilze,https://www.cgmotoren.nl,new,motoroccasion.nl,,
CLM Motos,info@clmmotos.be,BE,Rue du Sewage 4,4100,Seraing,https://clmmotos.be,new,clmmotos.be,,
CMTmotor Como (Paoli),como.paoli@cmtmotor.com,IT,,,Como,https://www.cmtmotor.com/it-it/store-cmt/como-co-via-pasquale-paoli-61,new,web-search-feb2026,,
CMTmotor Genova,genova.orsini@cmtmotor.com,IT,,,Genova,https://www.cmtmotor.com,new,web-search-feb2026,,
CPH Motoren,info@cphmotoren.nl,,Nieuwe Baan 2,5076SV,Haaren,https://www.cphmotoren.nl,new,motoroccasion.nl,,
Cagnes Motors,contact@cagnesmotors.fr,FR,,,Cagnes-sur-Mer,https://www.cagnesmotors.fr,new,web-search-feb2026,,
Californie Moto,califmoto06@gmail.com,FR,,06300,Nice,https://californie-moto.com,new,web-search-feb2026,,
Car and Bike,verkoop@carandbike.nl,,Industrieweg 13,7944HT,Meppel,https://www.carandbike.nl,new,motoroccasion.nl,,
Cattier autos en motoren,michel.cattier@gmail.com,,Hoffmeijerweg 18,7495RZ,Ambt Delden,https://www.cattier.nl,new,motoroccasion.nl,,
Centro Auto Trieste,info@centroautotrieste.it,IT,,,Trieste,https://www.centroautotrieste.it,new,web-search-feb2026,,
Centro Moto Enna,centro.moto@alice.it,IT,,,Enna,http://www.centromotoenna.it,new,web-search-feb2026,,
CercarMoto Pavia,info@cercarmoto.com,IT,,,Pavia,https://cercarmoto.com,new,web-search-feb2026,,
Cherry Motors Wilrijk,info@cherrymotors.be,BE,,,Wilrijk,https://www.cherrymotors.be,new,web-search-feb2026,,
City Moto Plzeň,info@citymoto.cz,CZ,,,Plzeň,https://www.citymoto.cz,new,web-search-feb2026,,
Cloppenburg Ansbach,info@cloppenburg-ansbach.de,DE,,91522,Ansbach,https://www.cloppenburg-gruppe.de/ansbach,new,web-search-feb2026,,
Cyclo Services,cyclo.services@wanadoo.fr,FR,,,Montpellier,https://cycloservicesmontpellier.fr,new,web-search-feb2026,,
DCA Motorcycles & EZS Sidecars Helmond,info@dcamotorcycles.nl,NL,,,Helmond,https://www.dcamotorcycles.nl,new,web-search-feb2026,,
DG Moto,dgmotosrl@gmail.com,IT,,00152,Roma,https://www.dgmoto.it,new,web-search-feb2026,,
DIPI-moto Gilze,info@dipimoto.nl,,Phantom 1,5126RJ,Gilze,https://dipimoto.nl,new,motoroccasion.nl,,
DMD Racing,info@dmdracing.be,BE,,,Mons,https://www.dmdracing.be,new,web-search-feb2026,,
DVMoto Roma,info@dvmoto.it,IT,,00154,Roma,https://dvmoto.it,new,web-search-feb2026,,
Dafy Moto Niort,niort@dafy-moto.fr,FR,,79000,Niort,,new,web-search-feb2026,,
De Boer Motoren,info@deboermotor.nl,,Bolster 26,9281KK,Harkema,https://deboermotor.nl,new,motoroccasion.nl,,
De Friese Motorfiets,info@defriesemotorfiets.nl,,Conradi Veenlandstrjitte 102,9104LA,Damwald,https://defriesemotorfiets.nl,new,motoroccasion.nl,,
De Haar Motoren,dehaarmotoren@outlook.com,,De Scheysloot 10,2201GN,Noordwijk,https://www.dehaarmotoren.nl,new,motoroccasion.nl,,
De Jong Alphen BV,info@dejongalphen.nl,,Zaagmolenweg 8,2401LN,Alphen aan den Rijn,https://www.dejongalphen.nl,new,motoroccasion.nl,,
De Jong In- en Verkoop,ruud@dejongmotor.nl,,De Drie Kronen 33,1601MT,Enkhuizen,https://www.dejongmotor.nl,new,motoroccasion.nl,,
De Jong Motoren,info@dejongmotoren.nl,NL,,,Utrecht-regio,https://www.dejongmotoren.nl,new,web-search-feb2026,,
De Jonge Motoren,info@dejongemotoren.nl,,Stevinweg 14,4691SM,Tholen,https://www.dejongemotoren.nl,new,motoroccasion.nl,,
De Knalpot,info@knalpot.nl,,Haltestraat 55,4411NE,Rilland,https://www.knalpot.nl,new,motoroccasion.nl,,
De Leeuw Motoren,info@deleeuwmotoren.nl,,Nijverheidsstraat 6J,5331PT,Kerkdriel,https://deleeuwmotoren.nl,new,motoroccasion.nl,,
De Motorloods,info@demotorloods.nl,,Sulky 8-A,3897AJ,Zeewolde,https://demotorloods.nl,new,motoroccasion.nl,,
De Motorzaak,info@demotorzaak.nl,,Veemarkt 165,1019CG,Amsterdam,https://www.demotorzaak.nl,new,motoroccasion.nl,,
De Zwart Motoren,info@dezwartmotoren.nl,,Moesdijk 15,6004AX,Weert,https://dezwartmotoren.nl,new,motoroccasion.nl,,
Dea Moto Cremona,info@deamotocremona.it,IT,,,Cremona,,new,web-search-feb2026,,
Dekker Motorsport Hapert,info@dekkermotorparts.nl,,Verbindingsweg 12,5527AM,Hapert,https://dekkermotorparts.nl,new,motoroccasion.nl,,
Delahaye Motors,info@delahayemotors.fr,FR,,,Labège,https://delahayemotors.fr,new,web-search-feb2026,,
Delta Motors Ancona,info@delta-motors.it,IT,,60131,Ancona,https://www.delta-motors.it,new,web-search-feb2026,,
Desmo Corse Cesena,info@desmocorsecesena.it,IT,,,Cesena,https://www.desmocorsecesena.it,new,web-search-feb2026,,
Die Motorradfabrik Erlangen,info@die-motorradfabrik.de,DE,,91056,Erlangen,https://www.die-motorradfabrik.de,new,web-search-feb2026,,
Diesveld VMS,info@vakgaragediesveld.nl,,Gieterij 68,2211ZD,Noordwijkerhout,https://www.vakgaragediesveld.nl,new,motoroccasion.nl,,
Dobbert Motorräder Wolfsburg,info@heiko-dobbert.de,DE,,,Wolfsburg,https://heiko-dobbert.de,new,web-search-feb2026,,
Docteur Scooter,docteur-scooter@orange.fr,FR,,,Perpignan,,new,web-search-feb2026,,
Domburg Motoren Nieuwkoop,info@domburgmotoren.nl,,Transportweg 15,2421LT,Nieuwkoop,https://www.domburgmotoren.nl,new,motoroccasion.nl,,
Doornekamp Motorsport,info@doornekampmotorsport.nl,,De Wel 30,3871MV,Hoevelaken,https://doornekampmotorsport.nl,new,motoroccasion.nl,,
Ducati Amsterdam,info@ducatiamsterdam.nl,,Jarmuiden 10,1046AD,Amsterdam,https://ducatiamsterdam.nl,new,motoroccasion.nl,,
Ducati Berlin,kontakt@ducati-berlin.de,DE,,,Berlin,https://ducati-berlin.de,new,web-search-feb2026,,
Ducati Nantes (BPM Motorbike),contact-bpmmotorbike-nantes@bpmgroup.fr,FR,,44700,Orvault,https://bpmmotorbike.fr,new,web-search-feb2026,,
Ducati Saarland (Moto Mondiale),info@ducatisaarland.de,DE,,,Saarbrücken,https://www.ducatisaarland.de,new,web-search-feb2026,,
Ducati Treviso (Villorba),info@ducatitreviso.com,IT,,,Lancenigo di Villorba,https://dealer.moto.it/ducatitreviso,new,web-search-feb2026,,
Ducati Verona,info@ducativerona.com,IT,,,Verona,https://www.ducati.com/it/it/concessionari/verona/ducati-verona,new,web-search-feb2026,,
Ducati Wolfsburg,info@ducati-wolfsburg.de,DE,,,Wolfsburg,https://www.autohaus-wolfsburg.de,new,web-search-feb2026,,
Ducati Zaltbommel,info@ducatizaltbommel.nl,,Schimminck 6,5301KR,Zaltbommel,https://www.ducatizaltbommel.nl,new,motoroccasion.nl,,
Dumke & Lütt Hamburg,info@dumke-luett.de,DE,,,Hamburg,https://dumke-luett.de,new,web-search-feb2026,,
Dusseldorp Motorrad Alkmaar,alkmaar@dusseldorpmotorrad.nl,,Koraalstraat 3,1812RK,Alkmaar,https://www.dusseldorpmotorrad.nl,new,motoroccasion.nl,,
Dusseldorp Motorrad Barendrecht,barendrecht@dusseldorpmotorrad.nl,,Van 't Hoffstraat 21,2991XP,Barendrecht,https://www.dusseldorpmotorrad.nl,new,motoroccasion.nl,,
Dusseldorp Motorrad Den Haag,denhaag@dusseldorpmotorrad.nl,,Prinses Arianelaan 10,2496XB,Den Haag,https://www.dusseldorpmotorrad.nl,new,motoroccasion.nl,,
Dutch Hills Harley-Davidson,directie@dutchhills.nl,,Langheckweg 2,6468EL,Kerkrade,https://dutchhills.nl,new,motoroccasion.nl,,
E-moto Latina,info@e-moto.it,IT,,,Latina,http://e-moto.it,new,web-search-feb2026,,
EGM Motorrad Sven Gries,info@egm-motorrad.de,DE,,53121,Bonn,https://www.egm-motorrad.de,new,web-search-feb2026,,
EMG-Eickmeyer Bielefeld,info@emg-eickmeyer.de,DE,,,Bielefeld,https://emg-eickmeyer.de,new,web-search-feb2026,,
EVO Motorcycles,info@evomotorcycles.nl,,De Lange Baan 2,8731DZ,Wommels,https://www.evomotorcycles.nl,new,motoroccasion.nl,,
Eden Motors,contact@eden-motors.fr,FR,,,Compiègne,https://www.eden-motors.fr,new,web-search-feb2026,,
Een Goeie Motor,eengoeiemotor@gmail.com,,De Visserlaan 88,8072XJ,Nunspeet,https://www.eengoeiemotor.nl,new,motoroccasion.nl,,
Ekris Motorrad,info@ekris.nl,,Australielaan 30,6199AA,Maastricht Airport,https://www.ekris.nl,new,motoroccasion.nl,,
Elektronik Sachse Bremen,info@elektronik-sachse.de,DE,,28213,Bremen,https://www.elektronik-sachse.de,new,web-search-feb2026,,
Elevate Motoren B.V.,info@elevatemotoren.nl,,Einsteinweg 11 N,3225LT,Hellevoetsluis,https://www.elevateautomotive.nl,new,motoroccasion.nl,,
Elite Moto 15 Aurillac,contact@elitemoto15.com,FR,,,Aurillac,https://elitemoto15.com,new,web-search-feb2026,,
Energica Motor,info@energicamotor.nl,,Zuiderstraat 1A,9967RP,Eenrum,https://energicamotor.nl,new,motoroccasion.nl,,
Erison Motoren,info@erison.nl,,Twentepoort West 34,7609RD,Almelo,https://www.erison.nl,new,motoroccasion.nl,,
Euro Motors Graz,verkauf@euromotorsgraz.at,AT,,8053,Graz,https://euromotorsgraz.at,new,web-search-feb2026,,
Euro-Motor,info@euro-motor.nl,,Oosterdorpsstraat 113-A,3871AC,Hoevelaken,https://www.euro-motor.nl,new,motoroccasion.nl,,
Euroscooter Moto,info@euroscootermoto.it,IT,Via Cassia 911/919,00189,Roma,https://www.euroscootermoto.it,new,euroscootermoto.it,,
FAR-Motor Wolfsburg-Fallersleben,info@far-motor.de,DE,,,Wolfsburg-Fallersleben,https://www.far-motor.de,new,web-search-feb2026,,
FH Motoren,fhmotoren@gmail.com,,Verlengde Gildenweg 12-D,8304BK,Emmeloord,https://fh-motoronderdelen.nl,new,motoroccasion.nl,,
Faieta Motors Pescara,abbigliamento@faietamoto.com,IT,,65123,Pescara,https://faietamotors.it,new,web-search-feb2026,,
Fair-Trading,info@fair-trading.nl,,Stevenzandestraat 244,5021HJ,Tilburg,https://www.fair-trading.nl,new,motoroccasion.nl,,
Felix & Jos Hasselt,info@felix-jos.be,BE,,,Hasselt,https://www.felix-jos.be,new,web-search-feb2026,,
Femon Parts,info@femon.nl,,Engelandlaan 34,2391PN,Hazerswoude-Dorp,https://www.femon.nl,new,motoroccasion.nl,,
Ferali Moto,info@feralimoto.it,IT,,,Padova,https://feralimoto.it,new,web-search-feb2026,,
Franchini e Alpinoli Honda Modena,franchiniealpinoli@hondaitalia.com,IT,,,Modena,https://www.franchiniealpinoli.it,new,web-search-feb2026,,
Francorchamps Motos Stavelot,info@francorchampsmotos.be,BE,,,Stavelot,https://www.francorchampsmotos.be,new,web-search-feb2026,,
Frans Bleeker Motoren en Auto's,info@fransbleeker.nl,,De Alde Mar 7,9035VP,Dronrijp,https://www.fransbleeker.nl,new,motoroccasion.nl,,
Freijbike Halle,info@freijbike.de,DE,,06132,Halle,https://www.freijbike.de,new,web-search-feb2026,,
Friese Motorexperts,info@friesemotorexperts.nl,,Jan Flamelingstrjitte 1,9036VM,Menaam,https://friesemotorexperts.nl,new,motoroccasion.nl,,
Fuhrberg Motorradtechnik,info@fmr-fuhrberg.de,DE,,72762,Reutlingen,https://fmr-fuhrberg.de,new,web-search-feb2026,,
Fuhrmann Motor Berlin,info@fuhrmann-motor.de,DE,,,Berlin,https://www.fuhrmann-motor.de,new,web-search-feb2026,,
GCA Alençon,contact@groupegca.com,FR,,,Alençon,https://www.toyota.fr/reseau,new,web-search-feb2026,,
GS Motoren,info@gsmotoren.nl,,de Bres 2E,9363TM,Marum,https://gsmotoren.nl,new,motoroccasion.nl,,
Gabellini Moto Pesaro,gabellinimoto@libero.it,IT,,,Pesaro,,new,web-search-feb2026,,
Gambino Moto Academy,yamaha.info@gambinomoto.it,IT,,,Palermo,https://www.gambinomoto.it,new,web-search-feb2026,,
Garage May Maaseik,info@garagemay.be,BE,,,Maaseik,https://garagemay.be,new,web-search-feb2026,,
Garage Pieteraerens Geraardsbergen,info@pieteraerens.be,BE,,,Geraardsbergen,https://www.garagepieteraerens.be,new,web-search-feb2026,,
Gebben Motoren,info@gebbenmotoren.nl,,Industrieweg 25,7949AJ,Rogat,https://www.gebbenmotoren.nl,new,motoroccasion.nl,,
Gent Motors,info@gentmotors.be,BE,,,Gent,https://www.gentmotors.be,new,web-search-feb2026,,
Gerrits Motoren,info@gerritsmotoren.nl,,Verrijn Stuartweg 45,4462GE,Goes,https://gerritsmotoren.nl,new,motoroccasion.nl,,
Gielen Motorsport,tim@gielenmotorsport.nl,,Venusweg 16,8938BC,Leeuwarden,https://gielenmotorsport.nl,new,motoroccasion.nl,,
Gilex Motoren,info@gilex.nl,,Penningweg 30,1507DA,Zaandam,https://www.gilex.nl,new,motoroccasion.nl,,
Giovanelli Moto Milano,info@giovanellimoto.it,IT,,,Milano,https://www.giovanellimoto.it,new,web-search-feb2026,,
Goedhart Motoren,info@goedhartmotoren.nl,,Europaweg 1D,2411NE,Bodegraven,https://www.goedhartmotoren.nl,new,motoroccasion.nl,,
Gozers Motoren,info@gozersmotoren.nl,,Aston Martinlaan 98,3261NB,Oud Beijerland,https://www.gozersmotoren.nl,new,motoroccasion.nl,,
Groenevelt Motoren,info@groeneveltmotoren.nl,,Ekkersrijt 1012,5692AA,Son en Breugel,https://www.groeneveltmotoren.nl,new,motoroccasion.nl,,
Grom Bikes,info@grombikes.nl,,Industrieweg Oost 9 F7,6662NE,Elst,https://grombikes.nl,new,motoroccasion.nl,,
Gruppo Bientinesi Livorno,storegalilei@gruppobientinesi.it,IT,,,Livorno,https://www.gruppobientinesi.it,new,web-search-feb2026,,
Gärtner's Motorradshop Dohna,info@gaertners-motorradshop.de,DE,,,Dohna,https://www.gaertners-motorradshop.de,new,web-search-feb2026,,
H-D Big Rivers,info@big-rivers.nl,,Muskushouwsestraat 32,6666MC,Heteren,https://big-riversharley-davidson.nl,new,motoroccasion.nl,,
H.D. Service Venlo,info@hdservicevenlo.nl,,Noorderpoort 2,5916PJ,Venlo,https://www.hdservicevenlo.nl,new,motoroccasion.nl,,
H.M. Motorradhaus Frankfurt,info@hm-motorradhaus.de,DE,,,Frankfurt,https://husqvarna-frankfurt.de,new,web-search-feb2026,,
HB Wings and Parts,info@wingsandparts.com,,Basalt 6,8317RJ,Kraggenburg,https://wingsandparts.com,new,motoroccasion.nl,,
HD Motor Messina,info@hdmotor.it,IT,,,Messina,http://www.hdmotor.it,new,web-search-feb2026,,
HD Oldenburg (Börjes Bikers),info@hd-oldenburg.de,DE,,,Oldenburg,https://www.hd-oldenburg.de,new,web-search-feb2026,,
HH Motoren,info@hhmotoren.nl,,Walserij 71,2211SL,Noordwijkerhout,https://hhmotoren.nl,new,motoroccasion.nl,,
HMI Italiaanse Motoren,info@hmimoto.nl,,Dorpsstraat 280,9605PH,Kiel Windeweer,https://hmimoto.nl,new,motoroccasion.nl,,
HP Motoren Utrecht,info@hpmotoren.nl,NL,,,Utrecht,https://hpmotoren.nl,new,web-search-feb2026,,
HSL Bikes,info@hslbikes.nl,,De Limiet 3,4131NR,Vianen,https://www.hslbikes.nl,new,motoroccasion.nl,,
Hamburg Motorcycle (Motowert),info@motowert.de,DE,,,Hamburg,https://motowert.de,new,web-search-feb2026,,
Hannamax Motorsport,info@hannamax.nl,,Kronenburgpark 5,5321JM,Hedel,https://www.hannamax.nl,new,motoroccasion.nl,,
Hans Huijbers Motoren,info@hanshuijbersmotoren.nl,,Ambachtsweg 2,5683CD,Best,https://www.hanshuijbersmotoren.nl,new,motoroccasion.nl,,
Harder Motoren,info@hardermotoren.nl,,Kaap Hoornstroom 14,1271EL,Huizen,https://hardermotoren.nl,new,motoroccasion.nl,,
Harley-Davidson Baden-Baden (Rick's),info@hd-badenbaden.de,DE,,,Baden-Baden,https://www.harleysite.de,new,web-search-feb2026,,
Harley-Davidson Mons,enzo-import@skynet.be,BE,,,Mons-Cuesmes,https://harley-davidson-mons.be,new,web-search-feb2026,,
Harley-Davidson Nürnberg,info@harley-nuernberg.de,DE,,90471,Nürnberg,https://harley-nuernberg.de,new,web-search-feb2026,,
Harley-Davidson Rotterdam,info@harleydavidsonrotterdam.nl,,Eerste Tochtweg 2-A,2913LP,Nieuwerkerk aan den IJssel,https://harleydavidsonrotterdam.nl,new,motoroccasion.nl,,
Harley-Davidson Torino,info@harley-davidson-torino.it,IT,,,Torino,https://harley-davidson-torino.it,new,web-search-feb2026,,
Harliepleats,info@harliepleats.nl,,Bolswarderweg 4-A,8759LA,Exmorra,https://www.harliepleats.nl,new,motoroccasion.nl,,
Harness Praha,info@harnessbike.com,CZ,,,Praha,https://harnessbike.com,new,web-search-feb2026,,
Harry Meijer B.V.,info@harry-meijer.nl,,Sydneystraat 1,1175RN,Lijnden,https://www.harry-meijer.nl,new,motoroccasion.nl,,
Hartelman Motoren BV,info@hartelman.nl,,Molenenk 3,7255AX,Hengelo,https://www.hartelman.nl,new,motoroccasion.nl,,
Heartbeat-Bikes Mönchengladbach,info@heartbeat-bikes.de,DE,,,Mönchengladbach,,new,web-search-feb2026,,
Heiko Ihben Motorradhandel Aurich,info@motorrad-ihben.de,DE,,,Aurich,https://www.motorrad-ihben.de,new,web-search-feb2026,,
Heline Motos Saintes,helinemotos@wanadoo.fr,FR,,,Saintes,https://heline-elite-motos-saintes-17.fr,new,web-search-feb2026,,
Hens Motoren,info@hensmotoren.nl,,Voltaweg 4,5993SE,Maasbree,https://www.hensmotoren.nl,new,motoroccasion.nl,,
Heuser Motorräder,mail@heuser-motorraeder.de,DE,,,Hamburg,https://heuser-motorraeder.de,new,web-search-feb2026,,
Hobby Moto Catania,info@hobby-moto.it,IT,,,Catania,http://www.hobbymoto.it,new,web-search-feb2026,,
Hoegee Suzuki Center,info@hoegeesuzikucenter.nl,,Koningstraat 88,6654AH,Afferden,https://www.hoegeesuzukicenter.nl,new,motoroccasion.nl,,
Hoekstra Motoren B.V.,info@hoekstramotoren.nl,,Waardeel 1,8431NC,Oosterwolde,https://www.hoekstramotoren.nl,new,motoroccasion.nl,,
Hoeve Motoren,info@hoevemotoren.nl,,Westeinde 92,7711CM,Nieuwleusen,https://www.hoevemotoren.nl,new,motoroccasion.nl,,
Hofland Motoren,info@hoflandmotoren.nl,,Databankweg 2,3821AL,Amersfoort,https://www.hoflandmotoren.nl,new,motoroccasion.nl,,
Honda MCS Warszawa,info@mcsonline.pl,PL,,01-424,Warszawa,https://hondamcs.pl,new,web-search-feb2026,,
Honda Moto Roma — Mega Store Tiburtina,commerciale.tiburtina@hondamotoroma.com,IT,"Via Tiburtina, 1166/1168",,Roma,https://www.hondamotoroma.com,new,hondamotoroma.com,,
Honda Moto Roma — Store Appia,commerciale.appia@hondamotoroma.com,IT,"Via Appia Nuova, 606",,Roma,https://www.hondamotoroma.com,new,hondamotoroma.com,,
Honda Moto Roma — Store Gregorio,commerciale.gregorio@hondamotoroma.com,IT,"Via Gregorio VII, 374/380",,Roma,https://www.hondamotoroma.com,new,hondamotoroma.com,,
Hoogendijk Motoren Reeuwijk,ivo@technoservicehoogendijk.nl,,Jan Tinbergenstraat 8b,2811DZ,Reeuwijk,https://hoogendijkmotorenreeuwijk.nl,new,motoroccasion.nl,,
Houkes Motortechniek,info@houkesmotortechniek.nl,,Wolfskuilseweg 251,6542AA,Nijmegen,https://houkesmotortechniek.nl,new,motoroccasion.nl,,
Huijgen Motoren,info@huijgenmotoren.nl,,De Kronkels 31C,3752LM,Spakenburg,https://www.huijgenmotoren.nl,new,motoroccasion.nl,,
Hunen Motoren,hunenmotoren@hotmail.com,,Lange Klauwenhof 13,6942HZ,Didam,https://www.hunenmotoren.nl,new,motoroccasion.nl,,
Husqvarna Liège,info@husqvarnaliege.be,BE,,,Liège,https://husqvarnaliege.be,new,web-search-feb2026,,
Huybers Motoren,info@huybersmotoren.nl,,Europalaan 91,5481JD,Schijndel,https://www.huybersmotoren.nl,new,motoroccasion.nl,,
Hänsle Motorradsport,info@haensle.de,DE,,,Freiburg,https://www.haensle.de,new,web-search-feb2026,,
Indian Moto Padova,info@indianmoto-padova.it,IT,,,Padova,https://indianmoto-padova.it,new,web-search-feb2026,,
Indian Motorcycle Rotterdam,info@indianmotorcyclerotterdam.com,,Waalhaven ZZ 6,3088HH,Rotterdam,https://www.indianmotorcyclerotterdam.com,new,motoroccasion.nl,,
Interbike Lokeren,johan@interbike.be,BE,,9160,Lokeren,https://www.interbike.be,new,web-search-feb2026,,
JDC Moto,info@jdcmoto.be,BE,,,Namur,https://www.jdcmoto.be,new,web-search-feb2026,,
JHL Automotive,info@jhlautomotive.nl,,Weg om de Oost 10,7903BS,Hoogeveen,https://www.jhlautomotive.nl,new,motoroccasion.nl,,
JM Motors Marseille (Azur Scoot),azurscoot13@gmail.com,FR,,,Marseille,https://jmmotors.fr,new,web-search-feb2026,,
JP Motoren,info@jpmotoren.nl,,Pater van den Elsenlaan 20E,5462GG,Veghel,https://jpmotoren.nl,new,motoroccasion.nl,,
JTX Motoren,info@jtxmotoren.nl,,Heiligenberg 4,5431SC,Cuijk,https://jtxmotoren.nl,new,motoroccasion.nl,,
JVL Motors,info@jvlmotors.nl,,Ambachtsweg 3c,5071NS,Udenhout,https://jvlmotors.nl,new,motoroccasion.nl,,
Jager Motoren Hoogeveen,info@jagermotoren.nl,,Buitenvaart 1214,7905SG,Hoogeveen,https://www.jagermotoren.nl,new,motoroccasion.nl,,
Jan Dokter Motors,info@jandoktermotors.nl,,Maanderweg 15,6711NC,Ede,https://www.jandoktermotors.nl,new,motoroccasion.nl,,
Jan Hofland Motors,h.o.hofland@gmail.com,,Veldzichtweg 12-B,3851SG,Ermelo,https://www.janhoflandmotors.nl,new,motoroccasion.nl,,
Jan Poppe Motoparts,info@poppemotoparts.nl,,De Zompe 16-C,4353RT,Serooskerke,https://poppemotoparts.nl,new,motoroccasion.nl,,
JdK Motoren,info@jdkmotoren.nl,,Karreveld 57,4371GA,Koudekerke,https://jdkmotoren.nl,new,motoroccasion.nl,,
Jensen Motorrijwielen,info@jensenmotorrijwielen.nl,,Scheepvaartweg 5,6541CV,Nijmegen,https://www.jensenmotorrijwielen.nl,new,motoroccasion.nl,,
Joeys Motor Ranch,info@joeysmotorranch.nl,,Veenweg 59,7336AE,Apeldoorn,https://joeysmotorranch.nl,new,motoroccasion.nl,,
Jonkers Motoren,info@jonkersmotoren.nl,,Wolput 90,5251CH,Vlijmen,https://www.jonkersmotoren.nl,new,motoroccasion.nl,,
Joop Hoekstra Motoren,info@joophoekstramotoren.nl,,Zwettewei 98-A,8629EE,Scharnegoutum,https://www.joophoekstramotoren.nl,new,motoroccasion.nl,,
Joost Motoren Utrecht,info@joostmotoren.nl,NL,,,Utrecht,https://www.joostmotoren.nl,new,web-search-feb2026,,
Joppen Motoren,info@joppen.nl,,Strijperdijk 3-D,5595XM,Leende,https://www.joppen.nl,new,motoroccasion.nl,,
Jordans Motorcycles,info@jordansmotorcycles.nl,,Breedijk 5B,5705CJ,Helmond,https://jordansmotorcycles.nl,new,motoroccasion.nl,,
Jos Engbers Motoren,info@josengbersmotoren.nl,,Galvanistraat 5,7651DH,Tubbergen,https://www.josengbersmotoren.nl,new,motoroccasion.nl,,
JouwMotor,info@jouwmotor.nl,,Treubstraat 17-015,2288EH,Rijswijk,https://jouwmotor.nl,new,motoroccasion.nl,,
K Monza,info@k-monza.it,IT,,,,https://k-monza.it,new,brand-locator,,
KBS Frankfurt,info@kbs-frankfurt.de,DE,,60314,Frankfurt am Main,http://www.kbs-frankfurt.de,new,web-search-feb2026,,
KM Motos,info@kmmotos.be,BE,Rue Mitoyenne 344,4710,Lontzen,https://kmmotos.be,new,kmmotos.be,,
KSMoto La Louvière,info@ksmoto.be,BE,,,La Louvière,https://www.ksmoto.be,new,web-search-feb2026,,
KTM Erfurt (Zweirad Voss),info@ktm-erfurt.de,DE,,,Erfurt,https://ktm-erfurt.de,new,web-search-feb2026,,
Kawa Nîmes,commercial@kawa-nimes.fr,FR,,,Nîmes,https://kawasaki-nimes.fr,new,web-search-feb2026,,
Kawasaki Le Havre (K-Bike),contact-kbike@gmail.com,FR,,,Gonfreville-l'Orcher,,new,web-search-feb2026,,
Klijnstra Motoren,info@klijnstramotoren.nl,,Papierbaan 2-G,9672BH,Winschoten,https://klijnstramotoren.nl,new,motoroccasion.nl,,
Knoppert Motoren,info@knoppertmotoren.nl,,Roosendaalseweg 109,3882MN,Putten,https://knoppertmotoren.nl,new,motoroccasion.nl,,
Kobo Motoren,info@kobomotoren.nl,,Jade 10,9207GL,Drachten,https://kobomotoren.nl,new,motoroccasion.nl,,
Koeman Motoren,info@koemanmotoren.nl,,Handelsweg 15,1271EJ,Huizen,https://koemanmotoren.nl,new,motoroccasion.nl,,
Kommer Motors,info@kommermotors.nl,,De Standerd 27,3774SC,Kootwijkerbroek,https://www.kommermotors.nl,new,motoroccasion.nl,,
Korteland Motoren BV,info@kortelandmotoren.nl,,Nijverheidsstraat 38,3371XE,Hardinxveld-Giessendam,https://kortelandmotoren.nl,new,motoroccasion.nl,,
Kosmoto Olbia,kosmoto1@libero.it,IT,,07026,Olbia,https://kosmoto-olbia-s-r-l.webnode.it,new,web-search-feb2026,,
Kromkamp Motoren,info@kromkampmotoren.nl,,Grote Singel 13,8431HV,Oosterwolde,https://kromkampmotoren.nl,new,motoroccasion.nl,,
LM Motors,info@lmmotors.be,BE,,,Vlamertinge,https://www.lmmotors.be,new,web-search-feb2026,,
LST Motoren,info@lstmotoren.nl,,Jan Flamelingstrjitte 10C,9036VM,Menaam,https://lstmotoren.nl,new,motoroccasion.nl,,
La Maison de la Moto,info@maisondelamoto.fr,FR,,06250,Mougins,https://www.maisondelamoto.fr,new,maisondelamoto.fr,,
La Moto Roma Nord,info.romanord@lamotoroma.com,IT,"Via Pieve di Cadore, 57",00135,Roma,https://www.lamotoroma.com,new,lamotoroma.com,,
La Moto Roma Ovest,info@lamotoroma.com,IT,"LungoTevere degli Inventori, 110",00146,Roma,https://www.lamotoroma.com,new,lamotoroma.com,,
Lallo Moto Sassari,lallomoto2017@libero.it,IT,,,Sassari,https://www.lallomoto.it,new,web-search-feb2026,,
Lamberti Moto Napoli,info@lambertimoto.it,IT,,,Napoli,https://lambertimoto.it,new,web-search-feb2026,,
Lammers Motoren,info@lammersmotoren.nl,,Colmschaterstraatweg 18,7433PR,Schalkhaar,https://lammersmotoren.nl,new,motoroccasion.nl,,
Langenberg Motors,info@langenbergmotors.nl,,Printer 11,7741ME,Coevorden,https://langenbergmotors.nl,new,motoroccasion.nl,,
Le Garage Béziers (Zontes),legarage2@bbox.fr,FR,,,Béziers,,new,web-search-feb2026,,
Lechner Kraftrad Emden,kontakt@lechner-kraftrad.de,DE,,,Emden,https://www.lechner-kraftrad.de,new,web-search-feb2026,,
Leertouwer Motoren en Bromfietsen BV,info@leertouwer.nl,,Zuidergracht 1,3763LS,Soest,https://www.leertouwer.nl,new,motoroccasion.nl,,
Leidse Motoren,info@leidsemotoren.nl,,De Ruyterstraat 10,2231RV,Rijnsburg,https://leidsemotoren.nl,new,motoroccasion.nl,,
Leigraaf Motoren BV,info@leigraafmotoren.nl,,Keizersveld 71b,5803AP,Venray,https://leigraafmotoren.nl,new,motoroccasion.nl,,
Lemar Motoren,info@lemarmotoren.nl,,Stationsweg 120-J,5807AD,Oostrum,https://lemarmotoren.nl,new,motoroccasion.nl,,
Lemstra Motoren,info@lemstramotoren.nl,,Madame Curiestraat 12,1821BM,Alkmaar,https://lemstramotoren.nl,new,motoroccasion.nl,,
Leusinks Motoren,info@leusinksmotoren.nl,,Handelsweg noord 41,8251JS,Dronten,https://leusinksmotoren.nl,new,motoroccasion.nl,,
Limbächer Filderstadt,info@limbaecher.de,DE,,,Filderstadt,https://www.limbaecher.de,new,web-search-feb2026,,
Linders Motoren BV,info@lindersmotoren.nl,,Windmolenbosweg 22,6081PE,Haelen,https://lindersmotoren.nl,new,motoroccasion.nl,,
Link Motors Roma,info@linkmotors.it,IT,,00162,Roma,https://www.linkmotors.it,new,web-search-feb2026,,
Lorenz GmbH Ludwigsburg,info@zweirad-lorenz.de,DE,,,Ludwigsburg,https://www.zweirad-lorenz.de,new,web-search-feb2026,,
Loud Motorcycles,info@loudmotorcycles.nl,,Ambachtstraat 7-A,3882BB,Putten,https://loudmotorcycles.nl,new,motoroccasion.nl,,
Louwsma Motoren BV,info@louwsmamotoren.nl,,Eigen Haard 63,8561EX,Balk,https://louwsmamotoren.nl,new,motoroccasion.nl,,
Louyet Motor Marcinelle,marcinelle@louyetmotor.be,BE,,,Marcinelle,https://louyetmotor.be/fr/marcinelle,new,web-search-feb2026,,
Louyet Motor Namur,namur@louyetmotor.be,BE,,,Cognelée,https://louyetmotor.be/fr/namur,new,web-search-feb2026,,
Lowlands Biker Store,info@lowlandsbikerstore.nl,,Katwolderweg 3,8041AC,Zwolle,https://lowlandsbikerstore.nl,new,motoroccasion.nl,,
M-Point,info@m-point.nl,,Dopplerlaan 26,9207HC,Drachten,https://m-point.nl,new,motoroccasion.nl,,
M2ROO Caen,contact@m2roo.fr,FR,,,Cormelles-le-Royal,https://www.cf-moto.fr/moto/concessionnaires/m2roo,new,web-search-feb2026,,
MATKO-MOTO Augsburg,info@matko-moto.de,DE,,,Augsburg,https://matko-moto.de,new,web-search-feb2026,,
MB Motoren,info@mbmotoren.nl,,Langestraat 131-D,7891GH,Klazienaveen,https://mbmotoren.nl,new,motoroccasion.nl,,
MCA Frankfurt,info@mca-frankfurt.de,DE,,,Frankfurt,https://www.mca-motorrad.de,new,web-search-feb2026,,
MF-Performance Lübeck,info@mf-performance.de,DE,,,Lübeck,https://mf-performance.de,new,web-search-feb2026,,
MG Automotive,info@mgautomotive.nl,,Donkervoortlaan 22,3261NE,Oud-Beijerland,https://mgautomotive.nl,new,motoroccasion.nl,,
MKV Motoren,info@mkvmotoren.nl,,Bunsenstraat 3,3316GC,Dordrecht,https://mkvmotoren.nl,new,motoroccasion.nl,,
MPD Moto Pabst Düsseldorf,info@motopabst.de,DE,,40235,Düsseldorf,https://www.motopabst.de,new,web-search-feb2026,,
MT Motos,thierry@mt-moto.fr,FR,,59000,Lille,https://www.mt-moto.fr,new,web-search-feb2026,,
MV Agusta Liège,info@mvagustaliege.be,BE,,,Liège,https://mvagustaliege.be,new,web-search-feb2026,,
MVM Motoren,info@mvmmotoren.nl,,Boteyken 301,3454PD,De Meern,https://mvmmotoren.nl,new,motoroccasion.nl,,
MVM-Motorservice,info@mvm-motorservice.nl,,Hendrikkenhofstraat 58,5916RZ,Venlo,https://mvm-motorservice.nl,new,motoroccasion.nl,,
MW-Halle,service@mw-halle.de,DE,,06132,Halle,https://www.mw-halle.de,new,web-search-feb2026,,
MZB Motorrad Bonn,info@motorradz.de,DE,,53119,Bonn,https://motorradhandel.suzuki.de/de/suzuki-haendler/361243,new,web-search-feb2026,,
Maeijer Motors,info@maeijermotors.nl,,Tielsestraat 178,6673AE,Andelst,https://maeijermotors.nl,new,motoroccasion.nl,,
Maestro Motors,info@maestromotors.nl,,Kraaivenstraat 25-04,5048AB,Tilburg,https://maestromotors.nl,new,motoroccasion.nl,,
Mahle Zweiräder Ravensburg,info@mahle-zweiraeder.de,DE,,,Ravensburg,https://mahle-zweiraeder.de,new,web-search-feb2026,,
Mamola Motoren,info@mamolamotoren.nl,,Molenveld 2,7245CA,Laren,https://mamolamotoren.nl,new,motoroccasion.nl,,
Mansour Motorradtechnik,info@mansour.de,DE,,,Düsseldorf,https://www.mansour.de,new,web-search-feb2026,,
Marcelli Moto Pesaro,commerciale@marcellimoto.com,IT,,,Pesaro,https://marcellimoto.com,new,web-search-feb2026,,
Mars Motoren,info@marsmotoren.nl,,Varsseveldseweg 87A,7002LJ,Doetinchem,https://marsmotoren.nl,new,motoroccasion.nl,,
Marty's Custom Parts,info@martyscustomparts.nl,,Irenestraat 47,4711SB,St. Willebrord,https://martyscustomparts.nl,new,motoroccasion.nl,,
Mast Motoren,info@mastmotoren.nl,,De Hil 10,4762AG,Zevenbergen,https://mastmotoren.nl,new,motoroccasion.nl,,
Maxxess Le Havre,maxxesslh@gmail.com,FR,,,Gonfreville-l'Orcher,,new,web-search-feb2026,,
Mcmoto Meulebeke,info@mcmoto.be,BE,,,Meulebeke,https://www.mcmoto.be,new,web-search-feb2026,,
Meester Motorsport,info@meestermotorsport.nl,,De Kronkels 9B,3752LM,Bunschoten-Spakenburg,https://meestermotorsport.nl,new,motoroccasion.nl,,
Megabikes Bastogne,info@megabikes.be,BE,,,Bastogne,,new,web-search-feb2026,,
MekaBike Lyon,contact@mekabike.fr,FR,,,Lyon,https://www.mekabike.fr,new,web-search-feb2026,,
Middendorp Motoren,info@middendorpmotoren.nl,,West Kinderdijk 291,2953XT,Alblasserdam,https://middendorpmotoren.nl,new,motoroccasion.nl,,
Mirto Moto,vendite@mirtomoto.it,IT,,,Lecce,https://www.mirtomoto.it,new,web-search-feb2026,,
MoToRRAD in Dresden,info@motorradindresden.de,DE,,01237,Dresden,https://motorradindresden.de,new,web-search-feb2026,,
Mofra B.V.,info@mofra.nl,,Dorpenbaan 2,5121DG,Rijen,https://www.mofra.nl,new,motoroccasion.nl,,
Mokum Motors,info@mokummotors.nl,,Van Ostadestraat 340-346,1073TZ,Amsterdam,https://www.mokummotors.nl,new,motoroccasion.nl,,
Molenaar Motors,info@molenaarmotors.nl,,Einsteinweg 5-7,3404LE,IJsselstein,https://www.molenaarmotors.nl,new,motoroccasion.nl,,
Mondo Moto Castellaneta,moto-moto@tiscali.it,IT,,,Castellaneta,https://www.mondo-moto.it,new,web-search-feb2026,,
Moto & Co Beauvais,sebastien@motoandco.fr,FR,,,Beauvais,https://piaggio-beauvais.com,new,web-search-feb2026,,
Moto Hippo,info@motohippo.nl,,Molenveld 7,1777HN,Hippolytushoef,https://motohippo.nl,new,motoroccasion.nl,,
Moto JL Sélection,parts@moto-jlselection.be,BE,,,Wallonie,https://www.moto-jlselection.be,new,web-search-feb2026,,
Moto Labo,info@motolabo.fr,FR,,38130,Échirolles,https://www.motolabo.fr,new,web-search-feb2026,,
Moto Megaride,motomegaride@gmail.com,IT,,80122,Napoli,https://www.motomegaride.it,new,web-search-feb2026,,
Moto Mondial,info@motomondial.nl,,Zuidlangeweg 1,4796SB,Oudemolen,https://motomondial.nl,new,motoroccasion.nl,,
Moto Moretti,contact@motomoretti.fr,FR,,,Marseille,https://motomoretti.fr,new,web-search-feb2026,,
Moto Move Limoges,info@motomove.fr,FR,,87280,Limoges,https://www.motomovegroupe.fr,new,web-search-feb2026,,
Moto Nardi Macerata,info@motonardi.it,IT,,,Macerata,https://www.motonardi.it,new,web-search-feb2026,,
Moto Passion SA Renens,info@motopassion.ch,CH,,1020,Renens,https://www.motopassion.ch,new,web-search-feb2026,,
Moto Plaisir Annemasse,contact@moto-plaisir.fr,FR,,,Ville-la-Grand,https://www.moto-plaisir.fr,new,web-search-feb2026,,
Moto Puro,info@motopuro.nl,,Europalaan 30,5232BC,Den Bosch,https://www.motopuro.nl,new,motoroccasion.nl,,
Moto Rotterdam,info@motorotterdam.nl,,Strickledeweg 112,3044EL,Rotterdam,https://motorotterdam.nl,new,motoroccasion.nl,,
Moto Rush SA Genève,info@motorush.ch,CH,,1205,Genève,,new,web-search-feb2026,,
Moto Service Bari,info@motoservice-bari.it,IT,,,Bari,https://motoservice-foggia.it/sede-bari,new,web-search-feb2026,,
Moto Shop 2000 Caserta,info@motoshop2000.com,IT,,,Caserta,https://www.gruppodemichele.it,new,web-search-feb2026,,
Moto Transfert Aix,contact@mototransfert.fr,FR,,,Aix-en-Provence,https://www.mototransfert.fr,new,web-search-feb2026,,
Moto Wijma,info@motowijma.nl,,Zwettestraat 14,8912AH,Leeuwarden,https://motowijma.nl,new,motoroccasion.nl,,
Moto Zenith,info@motozenith.be,BE,,,Ben Ahin,https://www.motozenith.be,new,web-search-feb2026,,
Moto's Deschouwer Zemst,info@deschouwermotos.be,BE,,,Zemst,https://deschouwermotos.be,new,web-search-feb2026,,
Moto's Goossens,info@motosgoossens.be,BE,,,Oelegem,https://motosgoossens.be,new,web-search-feb2026,,
Moto's Maes Ledegem,info@motosmaes.be,BE,,,Ledegem,https://motosmaes.be/nl,new,web-search-feb2026,,
Moto-Kauf Dortmund,info@moto-kauf.de,DE,,,Dortmund,https://moto-kauf.de,new,web-search-feb2026,,
Moto6,info@motosix.be,BE,,,België,https://motosix.be,new,web-search-feb2026,,
MotoConti Milmort,info@moto-conti.be,BE,,,Milmort,https://www.moto-conti.be,new,web-search-feb2026,,
MotoLeo B.V.,info@motoleo.nl,,Industriestraat 9,6433JW,Hoensbroek,https://motoleo.nl,new,motoroccasion.nl,,
MotoMotion Warszawa,info@motomotion.pl,PL,,,Warszawa,https://www.motomotion.pl,new,web-search-feb2026,,
MotoNine,info@motonine.nl,,Smithweg 1-31,4462HC,Goes,https://motonine.nl,new,motoroccasion.nl,,
MotoPort Almere,almere@motoport.nl,,Randstad 22-41,1316BR,Almere Stad,https://www.motoport.nl,new,motoroccasion.nl,,
MotoPort Almere,info@motoportalmere.nl,NL,,,Almere,https://www.motoport.nl,new,web-search-feb2026,,
MotoPort Echt,echt@motoport.nl,,Edisonweg 33,6101XJ,Echt,https://www.motoport.nl,new,motoroccasion.nl,,
MotoPort Goes,goes@motoport.nl,,Nobelweg 4,4462GK,Goes,https://www.motoport.nl,new,motoroccasion.nl,,
MotoPort Leeuwarden,info@motoportleeuwarden.nl,NL,,,Leeuwarden,https://www.motoport.nl/leeuwarden,new,web-search-feb2026,,
MotoPort Veldhoven,veldhoven@motoport.nl,,De Run 5202,5504DC,Veldhoven,https://www.motoport.nl,new,motoroccasion.nl,,
MotoPro Augsburg,info@moto-pro.de,DE,,,Augsburg,https://www.moto-pro.de,new,web-search-feb2026,,
MotoRestyle,info@motorestyle.nl,,Hommel 9,7317BL,Apeldoorn,https://motorestyle.nl,new,motoroccasion.nl,,
MotoVeda,info@motoveda.nl,,Galvanistraat 55,6716AE,Ede,https://motoveda.nl,new,motoroccasion.nl,,
MotoXpert Exclusive,info@motoxpert.nl,,Het Spaarne 18,8253PE,Dronten,https://motoxpert.nl,new,motoroccasion.nl,,
Motocity Besançon,charles@motocity.fr,FR,,,Besançon,https://piaggiogroup.motocity.fr,new,web-search-feb2026,,
Motoclassics,info@motoclassics.nl,,Handelsweg 45,4421SH,Kapelle,https://motoclassics.nl,new,motoroccasion.nl,,
Motodoc Limal,info@motodoc.be,BE,,,Limal,https://motodoc.be,new,web-search-feb2026,,
Motodrome,info@motodrome.nl,,Hannelswei 1,9251MR,Burgum,https://motodrome.nl,new,motoroccasion.nl,,
Motohandel Geert Van Mol,info@geertvanmol.be,BE,,,Melsele,https://www.geertvanmol.be,new,web-search-feb2026,,
Motoland Amiens (Honda),julien.r@motoland.eu,FR,,,Rivery,https://amiens.honda-motos.com,new,web-search-feb2026,,
Motolandia Verona,info@motolandiasrl.com,IT,,,Verona,https://www.motolandiasrl.com,new,web-search-feb2026,,
Motoman Quimper,compta@motoman-shop.fr,FR,,,Quimper,https://www.motoman-shop.fr,new,web-search-feb2026,,
Motomob,motomob@wanadoo.fr,FR,,,Essey-lès-Nancy,https://www.motomob.fr,new,web-search-feb2026,,
Motoport Assen / Ducati Assen,assen@motoport.nl,,Industrieweg 11,9402NP,Assen,https://www.motoport.nl,new,motoroccasion.nl,,
Motor Arena,info@motorarena.nl,,Dubloen 14,5751PX,Deurne,https://motorarena.nl,new,motoroccasion.nl,,
Motor Center Heinen Essen (Suzuki),essen@heinen-nrw.de,DE,,45141,Essen,https://heinen-nrw.de,new,web-search-feb2026,,
Motor Centrum Almelo,info@motorcentrumalmelo.nl,NL,,7605 AX,Almelo,https://www.motorcentrumalmelo.nl,new,web-search-feb2026,,
Motor Centrum Eibergen,info@motorcentrumeibergen.nl,,Nijverheidsstraat 12,7151HN,Eibergen,https://motorcentrumeibergen.nl,new,motoroccasion.nl,,
Motor Centrum Rijen,info@mcrijen.nl,,Rijksweg 96,5121RC,Rijen,https://mcrijen.nl,new,motoroccasion.nl,,
Motor Centrum Roosendaal,info@motorcentrumroosendaal.nl,,Gastelseweg 145,4705AB,Roosendaal,https://motorcentrumroosendaal.nl,new,motoroccasion.nl,,
Motor Centrum West,info@motorcentrumwest.nl,,Smederijstraat 2,2671BV,Naaldwijk,https://motorcentrumwest.nl,new,motoroccasion.nl,,
Motor City Amsterdam,info@motorcity.nl,,Jarmuiden 31,1046AC,Amsterdam,https://motorcity.nl,new,motoroccasion.nl,,
Motor City Amsterdam,info@motorcityamsterdam.nl,NL,,,Amsterdam,https://motorcityamsterdam.nl,new,web-search-feb2026,,
Motor Metaal Lelystad,info@motormetaallelystad.nl,,Wigstraat 25,8223EE,Lelystad,https://motormetaallelystad.nl,new,motoroccasion.nl,,
Motor Oost,info@motoroost.nl,,De Bleek 20,7468DL,Enter,https://motoroost.nl,new,motoroccasion.nl,,
Motor Outlet Deventer,info@motoroutletdeventer.nl,,Deventerweg 6,7437BJ,Bathmen,https://motoroutletdeventer.nl,new,motoroccasion.nl,,
Motor Quad Zaragoza,zaragoza@motorquad.com,ES,,50197,Zaragoza,https://www.polariszaragoza.es,new,web-search-feb2026,,
Motor Saloon Amersfoort,info@motorsaloon.nl,,Siliciumweg 2,3812SX,Amersfoort,https://motorsaloon.nl,new,motoroccasion.nl,,
Motor Service Hoofddorp,info@motorservicehoofddorp.nl,,Diamantlaan 71,2132WV,Hoofddorp,https://motorservicehoofddorp.nl,new,motoroccasion.nl,,
Motor Venray,info@motorvenray.nl,,De Hulst 1,5807EW,Venray,https://motorvenray.nl,new,motoroccasion.nl,,
Motor van de Toekomst,info@motorvandetoekomst.nl,,Drijberseweg 46,9418TL,Wijster,https://motorvandetoekomst.nl,new,motoroccasion.nl,,
Motor-id,info@motor-id.nl,,De Lind 17,4841KC,Prinsenbeek,https://motor-id.nl,new,motoroccasion.nl,,
MotorJager Sneek & Driebergen,info@motorjager.nl,,Duiker 3,8604DD,Sneek,https://motorjager.nl,new,motoroccasion.nl,,
Motorama BE,info@motorama.be,BE,,,België,https://www.motorama.be,new,web-search-feb2026,,
Motorama Bike Bergamo,info@motoramabike.it,IT,,,Bergamo,https://www.motoramabike.it,new,web-search-feb2026,,
Motorando Massa,info@motorando.com,IT,,,Massa,https://cfmotoitaly.it,new,web-search-feb2026,,
Motorbedrijf Hoffmans,info@motorbedrijfhoffmans.nl,,Valendries 20,5831DV,Boxmeer,https://motorbedrijfhoffmans.nl,new,motoroccasion.nl,,
Motorcenter Venlo,info@motorcentervenlo.nl,,Rudolf Dieselweg 28a,5928RA,Venlo-Blerick,https://motorcentervenlo.nl,new,motoroccasion.nl,,
Motorcentrum Almere,info@motorcentrumalmere.nl,,Zeno van Citiumstraat 2,1349GK,Almere Stad,https://motorcentrumalmere.nl,new,motoroccasion.nl,,
Motorcentrum Deventer,info@motorcentrumdeventer.nl,,Smeenkhof 13,7429AX,Deventer,https://motorcentrumdeventer.nl,new,motoroccasion.nl,,
Motorcentrum Friesland,info@motorcentrumfriesland.nl,,De IJsbaan 7,8731DW,Wommels,https://motorcentrumfriesland.nl,new,motoroccasion.nl,,
Motorcentrum Lunteren,info@motorcentrumlunteren.nl,,Hullerpad 13-F,6741PA,Lunteren,https://motorcentrumlunteren.nl,new,motoroccasion.nl,,
Motorcentrum Urk,info@motorcentrumurk.nl,,Het Scheer 11,8321MN,Urk,https://motorcentrumurk.nl,new,motoroccasion.nl,,
Motorcross Aad,info@motorcrossaad.nl,,Zernikestraat 8,2665JJ,Bleiswijk,https://motorcrossaad.nl,new,motoroccasion.nl,,
Motoren Vandevelde,info@motorenvandevelde.be,BE,,8792,Desselgem,https://motorenvandevelde.be,new,web-search-feb2026,,
Motorfelsinea BMW Motorrad Bologna,segreteria@bmwmotorradclubbologna.it,IT,,40128,Bologna,,new,web-search-feb2026,,
Motorhandel Nederland,info@motorhandelnederland.nl,,Ds Visscherwei 103,9223LL,Houtigehage,https://motorhandelnederland.nl,new,motoroccasion.nl,,
Motorhuis Bakker,info@motorhuisbakker.nl,,Noordveenkanaal ZZ 12,7831AS,Nieuw Weerdinge,https://motorhuisbakker.nl,new,motoroccasion.nl,,
Motorhuis Brabant,info@motorhuisbrabant.nl,,Lannerstraat 53,5011ET,Tilburg,https://motorhuisbrabant.nl,new,motoroccasion.nl,,
Motorhuis Limburg,info@motorhuislimburg.be,BE,,,Limburg,https://www.motorhuislimburg.be,new,web-search-feb2026,,
Motorhuis Seppe,info@motorhuisseppe.nl,,Pastoor van Breugelstraat 128,4744AG,Bosschenhoofd,https://motorhuisseppe.nl,new,motoroccasion.nl,,
Motorhuis Zwolle,info@motorhuiszwolle.nl,,George Stephensonstraat 5,8013NL,Zwolle,https://motorhuiszwolle.nl,new,motoroccasion.nl,,
Motorhuis de Valkenier,info@devalkenier.nl,,Dr. Willem Dreeslaan 10,3771RW,Barneveld,https://devalkenier.nl,new,motoroccasion.nl,,
Motorini,info@motorini.nl,,Stationsweg 28,4416PJ,Kruiningen,https://motorini.nl,new,motoroccasion.nl,,
Motorland Mannheim,info@motorland-zweirad.de,DE,,,Mannheim,https://www.motorland-zweirad.de,new,web-search-feb2026,,
Motorpark Schrembs Bayreuth,info@motorpark-schrembs.de,DE,,95448,Bayreuth,https://www.motorpark-schrembs.de,new,web-search-feb2026,,
Motorplanet Almere,info@motorplanet.nl,,Markerkant 15-18,1314AX,Almere,https://motorplanet.nl,new,motoroccasion.nl,,
Motorplaza FME,info@motorplaza.nl,,Kieler Bocht 57,9723JA,Groningen,https://motorplaza.nl,new,motoroccasion.nl,,
Motorrad Center Darmstadt,info@motorradcenter-darmstadt.de,DE,,,Darmstadt,https://www.motorradcenter-darmstadt.de,new,web-search-feb2026,,
Motorrad Dahlhues Warendorf,info@motorraddahlhues.de,DE,,,Warendorf,https://www.motorraddahlhues.de,new,web-search-feb2026,,
Motorrad Deutschmann Ansbach,info@motorrad-deutschmann.de,DE,,91522,Ansbach,http://www.motorrad-deutschmann.de,new,web-search-feb2026,,
Motorrad Eder Augsburg,info@motorrad-eder.de,DE,,,Augsburg,https://motorrad-eder.de,new,web-search-feb2026,,
Motorrad Hafenstein Rostock,werkstatt@motorrad-hafenstein.de,DE,,,Rostock,https://motorrad-hafenstein.de,new,web-search-feb2026,,
Motorrad Henkel Suhl,info@motorrad-henkel.de,DE,,,Suhl,https://www.motorrad-henkel.de,new,web-search-feb2026,,
Motorrad Hermann Zwickau,info@motorrad-hermann.de,DE,,,Zwickau,https://www.motorrad-hermann.de,new,web-search-feb2026,,
Motorrad Huchting,info@motorrad-huchting.de,DE,,28259,Bremen,https://www.motorrad-huchting.de,new,web-search-feb2026,,
Motorrad Kausche Görlitz,info@motorrad-kausche.de,DE,,,Görlitz,,new,web-search-feb2026,,
Motorrad Kiermaier Landshut,info@motorrad-kiermaier.de,DE,,,Landshut,https://www.motorrad-kiermaier.de,new,web-search-feb2026,,
Motorrad Klug GmbH Graz,office@klug.at,AT,,8053,Graz,https://www.klug.at,new,web-search-feb2026,,
Motorrad Matthies Hildesheim,info@motorrad-matthies.de,DE,,,Hildesheim,https://www.motorrad-matthies.de,new,web-search-feb2026,,
Motorrad Merkel,info@motorradmerkel.de,DE,,,München,https://www.motorradmerkel.de,new,web-search-feb2026,,
Motorrad Peter Kaup Köln,post@motorrad-kaup.de,DE,,50827,Köln,https://motorrad-kaup.de,new,web-search-feb2026,,
Motorrad Reinhardt Coburg,info@motorrad-reinhardt.de,DE,,96450,Coburg,https://www.motorrad-reinhardt.de,new,web-search-feb2026,,
Motorrad Ressler Niederrieden,info@motorrad-ressler.de,DE,,,Niederrieden,https://www.motorrad-ressler.de,new,web-search-feb2026,,
Motorrad Ruser,info@motorrad-ruser.de,DE,,,Schleswig-Holstein,https://yamaha-suedholstein.de,new,web-search-feb2026,,
Motorrad Warmuth Dessau,info@motorrad-warmuth.de,DE,,,Dessau-Roßlau,https://ducati-mx.de,new,web-search-feb2026,,
Motorrad Weihe Ostwestfalen,info@motorrad-weihe.de,DE,,,Ostwestfalen,https://www.motorrad-weihe.de,new,web-search-feb2026,,
Motorrad Zeislmeier Wasserburg,mechaniker@zeislmeier.de,DE,,,Wasserburg,https://www.motorrad-zeislmeier.de,new,web-search-feb2026,,
Motorrad Zentrum Niederrhein,info@motorrad-zentrum-niederrhein.de,DE,,,Niederrhein,https://motorrad-zentrum-niederrhein.de,new,web-search-feb2026,,
Motorradankauf Saarland,info@motorradankauf-saarland.de,DE,,,Saarbrücken,https://www.motorradankauf-saarland.de,new,web-search-feb2026,,
Motorradbude Göttingen,info@motorradbude.de,DE,,37075,Göttingen,https://www.motorradbude.de,new,web-search-feb2026,,
Motorradhaus Geisenhofer Sulzberg,motorrad.geisenhofer@t-online.de,DE,,,Sulzberg,https://www.motorrad-geisenhofer.de,new,web-search-feb2026,,
Motorradhaus Gruber Weiler,info@motorradhaus-gruber.de,DE,,,Weiler,https://www.motorrad-gruber.de,new,web-search-feb2026,,
Motorradhaus Hoffmann Marl,info@motorrad-hoffmann.de,DE,,,Marl,https://www.motorrad-hoffmann.de,new,web-search-feb2026,,
Motorradhaus Stahl Würzburg,info@motorradhaus-stahl.de,DE,,,Würzburg,https://www.motorradhaus-stahl.de,new,web-search-feb2026,,
Motorradshop Ahlers Potsdam,info@motorradshop-ahlers.de,DE,,,Potsdam,https://www.motorradshop-ahlers.de,new,web-search-feb2026,,
Motorradtank Herne,info@motorradtank-herne.de,DE,,44625,Herne,,new,web-search-feb2026,,
Motorradwelt Auer,info@motorradwelt-auer.de,DE,,,Bayern,https://www.motorradwelt-auer.de,new,web-search-feb2026,,
Motorradzentrum Backes Mainz,info@motorradzentrum-backes.de,DE,,,Budenheim,,new,web-search-feb2026,,
Motorradzentrum Offenbach,info@mz-offenbach.de,DE,,,Heusenstamm,https://motorradzentrumoffenbach.de,new,web-search-feb2026,,
Motors Thomas G. Stabroek,info@motorsthomas.be,BE,,,Stabroek,https://www.motorsthomas.be,new,web-search-feb2026,,
Motorservice Edgar Stijner,info@edgarstijner.nl,,Hendrik ter Kuilestraat 165,7547SK,Enschede,https://edgarstijner.nl,new,motoroccasion.nl,,
Motorservice Ossendrecht,info@motorserviceossendrecht.nl,,Molenstraat 16,4641BC,Ossendrecht,https://motorserviceossendrecht.nl,new,motoroccasion.nl,,
Motorservice Spanjer,info@motorservicespanjer.nl,,Den Hoekstraat 4,6171VZ,Stein,https://motorservicespanjer.nl,new,motoroccasion.nl,,
Motorservice de Zeeuw,info@motorservicedezeeuw.nl,,Zuidelijke Knibbelweg 90,2765JT,Cortelande,https://motorservicedezeeuw.nl,new,motoroccasion.nl,,
Motorshop Fransen,info@motorshop-fransen.nl,,Hoofdstraat 95,9944AC,Nieuwolda,https://motorshop-fransen.nl,new,motoroccasion.nl,,
Motorshop Gent,motogent@proximus.be,BE,,,Merelbeke,https://motorshop-gent.be,new,web-search-feb2026,,
Motorsport Klazienaveen,info@motorsportklazienaveen.nl,,Kruizemunt 4,7892AB,Klazienaveen,https://motorsportklazienaveen.nl,new,motoroccasion.nl,,
Motorsport Service Kiel,info@motorsport-kiel.de,DE,,24159,Kiel,https://www.motorsport-kiel.de,new,web-search-feb2026,,
Motorstore Uithoorn,info@motorstore.nl,,Ant. Philipsweg 5-7,1422AL,Uithoorn,https://motorstore.nl,new,motoroccasion.nl,,
Motoshop Margraten,info@motoshop-margraten.nl,,Aan de Fremme 62,6269BE,Margraten,https://motoshop-margraten.nl,new,motoroccasion.nl,,
Motostore Barendrecht,info@motostore.nl,,Aalborg 9,2993LP,Barendrecht,https://motostore.nl,new,motoroccasion.nl,,
Mototech Wetteren,info@mototech.be,BE,,,Wetteren,https://www.mototech.be,new,web-search-feb2026,,
Mototoko,info@mototoko.nl,,Industriestraat 5,8391AG,Noordwolde,https://mototoko.nl,new,motoroccasion.nl,,
Motown Bikestore,info@motownbikestore.nl,,Pascalstraat 6,1704RD,Heerhugowaard,https://motownbikestore.nl,new,motoroccasion.nl,,
Mulders Motorcycles,info@muldersmotorcycles.nl,,Vrijheidsweg 19,9641KP,Veendam,https://muldersmotorcycles.nl,new,motoroccasion.nl,,
Munsters Motoren,info@munstersmotoren.nl,,Hertog Janplein 16,5469BJ,Erp,https://munstersmotoren.nl,new,motoroccasion.nl,,
NIWA Motoren,info@niwamotoren.nl,,Tulpenmarkt 1,1681PK,Zwaagdijk,https://niwamotoren.nl,new,motoroccasion.nl,,
Newtown Bikes,info@newtownbikes.nl,,Millenerstraat 30,6118CB,Nieuwstadt,https://newtownbikes.nl,new,motoroccasion.nl,,
Next Level Motors,info@nextlevelmotors.nl,,Campagneweg 28,4761RM,Zevenbergen,https://nextlevelmotors.nl,new,motoroccasion.nl,,
Niemann+Frey Krefeld,zentrale@niemann-frey.info,DE,,47829,Krefeld,http://niemann-frey.de,new,web-search-feb2026,,
Nijzing Motoren Emmen,info@nijzingmotoren.nl,,Kapitein Nemostraat 4,7821AC,Emmen,https://nijzingmotoren.nl,new,motoroccasion.nl,,
Ninemotors,info@ninemotors.nl,,Westerboekelweg 11-H,1718MJ,Hoogwoud,https://ninemotors.nl,new,motoroccasion.nl,,
Nissa Motor,nissamotor@yahoo.fr,FR,,06000,Nice,https://www.nissamotor.fr,new,web-search-feb2026,,
Nobel Motoren,info@nobelmotoren.nl,,David Ricardostraat 13-31,7559SH,Hengelo,https://nobelmotoren.nl,new,motoroccasion.nl,,
Nova Moto Firenze,info@novamoto.it,IT,,,Firenze,https://www.bmw-motorrad.it/novamoto-firenze,new,web-search-feb2026,,
Officina FG Moto Ravenna,info@fgmoto.it,IT,,,Ravenna,,new,web-search-feb2026,,
Oldrati Moto Pedrengo,info@oldratimoto.it,IT,,,Pedrengo,https://oldratimoto.it,new,web-search-feb2026,,
Oostland Motorrad B.V.,info@oostlandmotorrad.nl,,Spaansland 10,7543BG,Enschede,https://oostlandmotorrad.nl,new,motoroccasion.nl,,
Oscar Motorservice,info@oscarmotorservice.nl,,Industrieweg 60-L,8071CV,Nunspeet,https://oscarmotorservice.nl,new,motoroccasion.nl,,
Otomoto,info@otomoto.nl,,Handelsweg 12,9791DG,Ten Boer,https://otomoto.nl,new,motoroccasion.nl,,
Oude Monnink Motors,info@oudemonninkmotors.nl,,Rientjesoven 18,7621HG,Borne,https://oudemonninkmotors.nl,new,motoroccasion.nl,,
Ovaa Motors,info@ovaamotors.nl,,Mercuriusweg 1,4382NC,Vlissingen,https://ovaamotors.nl,new,motoroccasion.nl,,
Overkamp Motors,info@overkampmotors.nl,,Buitenwatersloot 149,2613TD,Delft,https://overkampmotors.nl,new,motoroccasion.nl,,
Overveld Parts,info@overveldparts.nl,,Dorpsstraat 36,7025AE,Halle,https://overveldparts.nl,new,motoroccasion.nl,,
PAQURO SYM Heidelberg,info@paquro.de,DE,,,Heidelberg,https://www.paquro.de,new,web-search-feb2026,,
PEPA-BIKES e.K. Bayreuth,info@pepa-bikes.de,DE,,95448,Bayreuth,https://ktm-pepa-bikes.de,new,web-search-feb2026,,
Paashuis Motoren,info@paashuismotoren.nl,,Lievelderweg 28-A,7131MC,Lichtenvoorde,https://paashuismotoren.nl,new,motoroccasion.nl,,
Paddock Motoren,info@paddockmotoren.nl,,Cruquiusweg 1-E,1951NB,Velsen-Noord,https://paddockmotoren.nl,new,motoroccasion.nl,,
Pancaldi Moto Montichiari,info@pancaldimoto.it,IT,,,Montichiari,https://www.pancaldimoto.it,new,web-search-feb2026,,
Paris Est Moto,contact@paris-est-moto.fr,FR,,,Champigny-sur-Marne,https://www.paris-est-moto.fr,new,web-search-feb2026,,
Passie Motoren,info@passiemotoren.nl,,Anjelierstraat 68,7601BM,Almelo,https://passiemotoren.nl,new,motoroccasion.nl,,
Pastri Motors,info@pastrimotors.it,IT,,,Chianciano Terme,https://www.pastrimotors.it,new,web-search-feb2026,,
Pels Motoren,info@pelsmotoren.nl,,De Gessel 1,3454MZ,De Meern,https://pelsmotoren.nl,new,motoroccasion.nl,,
Pensini Moto Tirano,info@pensinimoto.com,IT,,,Tirano,https://www.pensinimoto.com,new,web-search-feb2026,,
Peter D'Haese BMW Motorrad Zottegem,info@dhaese.net.bmw.be,BE,,,Zottegem,https://www.dhaese.bmw.be,new,web-search-feb2026,,
Planet Racing,ventemotos@planet-racing.fr,FR,,,,https://www.planet-racing.fr,new,planet-racing.fr,,
Pogliani,infomotoescooter@pogliani.com,IT,Viale Casiraghi 427,20099,Sesto San Giovanni,https://pogliani.com,new,pogliani.com,,
Polaris Le Havre,remy.hauters@poledelamoto.fr,FR,,,Gonfreville-l'Orcher,https://poledelamoto.fr,new,web-search-feb2026,,
Polidori Moto Prato,info@polidorimoto.it,IT,,,Prato,https://www.polidorimoto.it,new,web-search-feb2026,,
Pols Motoren,info@polsmotoren.nl,,Tuinstraat 9,5144NE,Waalwijk,https://polsmotoren.nl,new,motoroccasion.nl,,
Ponente Moto,erika@ponentemoto.com,IT,,,Genova,https://ponentemoto.it,new,web-search-feb2026,,
Postma Motoren en Fietsen,info@postmamotoren.nl,,Molenweg 3b,9963PG,Warfhuizen,https://postmamotoren.nl,new,motoroccasion.nl,,
Power 06,contact@power06.fr,FR,,,Cannes,https://www.power06.fr,new,web-search-feb2026,,
Power NG,contact@powerng.fr,FR,,,Cannes,https://www.powerng.fr,new,web-search-feb2026,,
Premium Motors / ARN Motors Apeldoorn,info@arnmotors.nl,NL,,,Apeldoorn,https://www.premiummotors.nl,new,web-search-feb2026,,
PremiumMobility,info@premiummobility.nl,,Provincialeweg 19a,3645CN,Vinkeveen,https://premiummobility.nl,new,motoroccasion.nl,,
Probike Loisirs Troyes,probike.loisirs@gmail.com,FR,,,Pont Sainte Marie,https://www.cf-moto.fr/moto/concessionnaires/probike-loisirs,new,web-search-feb2026,,
Putse Scooters & Motoren Brasschaat,info@putsescooters.be,BE,,,Brasschaat,https://www.putsescooters.be,new,web-search-feb2026,,
Pôle de la Moto Le Havre,contact@poledelamoto.fr,FR,,,Gonfreville-l'Orcher,https://poledelamoto.fr,new,web-search-feb2026,,
QJMOTOR Bordeaux,factorymoto@orange.fr,FR,,33700,Mérignac,https://qjmotor.fr/revendeurs,new,web-search-feb2026,,
QJMOTOR Périgueux,motoaxxeperigueux@gmail.com,FR,,24430,Marsac sur l'Isle,https://qjmotor.fr/revendeurs,new,web-search-feb2026,,
Quattrocchi Moto,info@quattrocchimoto.it,IT,,,Torino,https://www.quattrocchimoto.it,new,web-search-feb2026,,
Quispel Motoren,info@quispelmotoren.nl,,Varenschut 11,5705DK,Helmond,https://quispelmotoren.nl,new,motoroccasion.nl,,
R+S Motorräder Saarbrücken,info@rs-motorraeder.de,DE,,,Saarbrücken,https://www.rs-motorraeder.de,new,web-search-feb2026,,
R4 Moto's Gent,info@r4motos.be,BE,,,Gent,https://r4motos-gent.be,new,web-search-feb2026,,
RB Motoren,info@rbmotoren.nl,,Weltevreden 24-A,3731AL,De Bilt,https://rbmotoren.nl,new,motoroccasion.nl,,
RB Scooters Bastille,contact@rb-scooters.com,FR,,,Paris,https://www.rb-scooters.com,new,web-search-feb2026,,
RJS Motoren,info@rjsmotoren.nl,,De Langeloop 12A,1742PB,Schagen,https://rjsmotoren.nl,new,motoroccasion.nl,,
RK-Motorradshop Ludwigsburg,rk-motorradshop@t-online.de,DE,,,Ludwigsburg,https://rk-motorradshop.de,new,web-search-feb2026,,
RP Bike Liguria,info@rpbike.it,IT,,,Liguria,https://www.wayel.it,new,web-search-feb2026,,
RPM Motocykle Wrocław,rpmmotocykle@rpmmotocykle.pl,PL,,51-423,Wrocław,https://www.rpmmotocykle.pl,new,web-search-feb2026,,
RR Motor Company,info@rrmotorcompany.nl,,Argon 1,4751XC,Oud Gastel,https://rrmotorcompany.nl,new,motoroccasion.nl,,
RR Motoren,info@rrmotoren.nl,,Nijverheidsstraat 5,1704RA,Heerhugowaard,https://rrmotoren.nl,new,motoroccasion.nl,,
RS Moto Bergamo,info@rsmoto.it,IT,,,Bergamo,https://www.rsmoto.it,new,web-search-feb2026,,
RS Moto Group Udine (Triumph),info@rsmotogroup.it,IT,,,Udine,https://www.triumphudine.it,new,web-search-feb2026,,
RSE Racing,info@rseracing.nl,,Houtmolenstraat 12,7008AR,Doetinchem,https://rseracing.nl,new,motoroccasion.nl,,
RV Betaalbare Motoren,info@rvbetaalbaremotoren.nl,,Lijtweg 56,1861VB,Bergen,https://rvbetaalbaremotoren.nl,new,motoroccasion.nl,,
Race Moto Nîmes (KTM),contact@ktm-nimes.com,FR,,30900,Nîmes,https://www.zontes.fr,new,web-search-feb2026,,
Raudzus Motorrad Husum,info@raudzus.de,DE,,,Husum,https://www.raudzus.de,new,web-search-feb2026,,
Rena Motoren,info@rena-motoren.nl,,Rijksstraatweg 36-40,3316EH,Dordrecht,https://rena-motoren.nl,new,motoroccasion.nl,,
Rennes Motos,rennesmotos@hotmail.com,FR,,35132,Vezin-le-Coquet,https://rennesmotos.com,new,web-search-feb2026,,
Revolution Motors Lembeek,info@revolutionmotors.be,BE,,,Lembeek,https://revolutionmotors.be,new,web-search-feb2026,,
Riller & Schnauck Berlin,kontakt@riller-schnauck.de,DE,,12165,Berlin,https://www.riller-schnauck.de,new,web-search-feb2026,,
Road Star Motorcycles Fürth,info@roadstar-motorcycles.de,DE,,90763,Fürth,https://www.roadstar-motorcycles.de,new,web-search-feb2026,,
Roadrunner Motoren,info@roadrunner-motoren.nl,,Zuider Parallelweg 50,6882AH,Velp,https://roadrunner-motoren.nl,new,motoroccasion.nl,,
Robbe Motoren,info@robbemotoren.nl,,Nijverheidsweg 3b,3381LM,Giessenburg,https://robbemotoren.nl,new,motoroccasion.nl,,
Roberto Motoren,info@robertomotoren.nl,,Pascalstraat 11,7903BJ,Hoogeveen,https://robertomotoren.nl,new,motoroccasion.nl,,
Robs Accessoires,info@robsaccessoires.nl,,Korte Belkmerweg 7,1756CB,'t Zand,https://robsaccessoires.nl,new,motoroccasion.nl,,
Rodenburg Rides and Bikes,info@rodenburgrides.nl,,Zonnedauw 33,8607DX,Sneek,https://rodenburgrides.nl,new,motoroccasion.nl,,
Roefs Motor Trading,info@roefsmotortrading.nl,,Groesweg 33,5993NN,Maasbree,https://roefsmotortrading.nl,new,motoroccasion.nl,,
Roelofs Motoren,info@roelofsmotoren.nl,,Halle-Nijmanweg 9,7025EG,Halle,https://roelofsmotoren.nl,new,motoroccasion.nl,,
Roke Motors Mijdrecht,info@rokemotors.nl,,Industrieweg 19,3641RK,Mijdrecht,https://rokemotors.nl,new,motoroccasion.nl,,
Rokemp Motoren,info@rokempmotoren.nl,,De Hagen 1,8325DB,Vollenhove,https://rokempmotoren.nl,new,motoroccasion.nl,,
Ron van der Plaats Motoren,info@ronvanderplaats.nl,,Noordelijke dwarsweg 98,2761GD,Zevenhuizen,https://ronvanderplaats.nl,new,motoroccasion.nl,,
Ros Motoren,info@rosmotoren.nl,,Voorsteven 1-A,4871DX,Etten-Leur,https://rosmotoren.nl,new,motoroccasion.nl,,
Rosa Motoren,info@rosamotoren.nl,,Zoerbeemden 10-A,6245LR,Eijsden,https://rosamotoren.nl,new,motoroccasion.nl,,
Rosciano Moto Salerno,info@roscianomoto.it,IT,,,Salerno,http://roscianomoto.it,new,web-search-feb2026,,
Rouvoet Motoren,info@rouvoetmotoren.nl,,Nieuwe Havenweg 83-B,1216BP,Hilversum,https://rouvoetmotoren.nl,new,motoroccasion.nl,,
Rupp & Söhne Rosenheim,info@rupprosenheim.de,DE,,,Rosenheim,https://www.rupp-rosenheim.de,new,web-search-feb2026,,
S.N. Moto Milano,snmoto@libero.it,IT,,,Milano,https://dealer.moto.it/snmoto,new,web-search-feb2026,,
SDF Motoren,info@sdfmotoren.nl,,Goirkestraat 122,5046GP,Tilburg,https://sdfmotoren.nl,new,motoroccasion.nl,,
SW Motoren,info@swmotoren.nl,,It Spyk 10E,9111HT,Burdaard,https://swmotoren.nl,new,motoroccasion.nl,,
Salon Motors Salon-de-Provence,contact@salon-motors.com,FR,,,Salon-de-Provence,https://salon-motors.fr,new,web-search-feb2026,,
Sandner Motorradteile Regensburg,info@motorradteile-regensburg.de,DE,,,Regensburg,https://www.motorradteile-regensburg.de,new,web-search-feb2026,,
Schepers Motoren Design,info@schepersmotoren.nl,,Haefland 31-C,6441PA,Brunssum,https://schepersmotoren.nl,new,motoroccasion.nl,,
Schepers Motoren Design,info@motorendesign.nl,NL,,,Zuid-Limburg,https://motorendesign.nl,new,web-search-feb2026,,
Schockaert Motorservice Aalst,info@schockaertmotors.be,BE,,9300,Aalst,https://schockaertmotors.be,new,web-search-feb2026,,
Schotpoort Motordeals,info@schotpoortmotordeals.nl,,Veldkantweg 10A,6961HJ,Eerbeek,https://schotpoortmotordeals.nl,new,motoroccasion.nl,,
Schubert Motors Magdeburg,info@schubert-motors.de,DE,,39108,Magdeburg,https://www.schubert-motors.de,new,web-search-feb2026,,
Scooter Center Lommel,info@scootercenterlommel.be,BE,,3920,Lommel,https://www.scootercenterlommel.be,new,web-search-feb2026,,
Scooter Point Aarschot,info@scooter-point.be,BE,,,Aarschot,,new,web-search-feb2026,,
Select Motors Apeldoorn,info@selectmotors.nl,,Loudonstraat 75,7332BA,Apeldoorn,https://selectmotors.nl,new,motoroccasion.nl,,
Selling Motorbikes,info@sellingmotorbikes.nl,,Spaklerweg 91,1099CX,Amsterdam,https://sellingmotorbikes.nl,new,motoroccasion.nl,,
Sembenini Moto Trento,info@sembeninimotoverona.it,IT,,,Trento,https://www.sembeninimoto.it,new,web-search-feb2026,,
Serto Motoren,info@sertomotoren.nl,,Bosschenhoofdsestraat 19,4744RP,Bosschenhoofd,https://sertomotoren.nl,new,motoroccasion.nl,,
Simako-BDM Apeldoorn,apeldoorn@simako-bdm.nl,,Stadhoudermolenweg 99,7317BP,Apeldoorn,https://simako-bdm.nl,new,motoroccasion.nl,,
Simako-BDM Elst,elst@simako-bdm.nl,,Industrieweg 28,6662PA,Elst,https://simako-bdm.nl,new,motoroccasion.nl,,
Sipma Motoren,info@sipmamotoren.nl,,Haadwei 98,9104BJ,Damwald,https://sipmamotoren.nl,new,motoroccasion.nl,,
Sky Motos Châlons,skymotos@netcourrier.com,FR,,,Châlons-en-Champagne,https://www.skymotos.fr,new,web-search-feb2026,,
Snoek Motoren,info@snoekmotoren.nl,,Middenweg 480,1704BM,Heerhugowaard,https://snoekmotoren.nl,new,motoroccasion.nl,,
Sonnemans Motorservice,info@sonnemansmotorservice.nl,,Mariastraat 24 Hal 2,5953NL,Reuver,https://sonnemansmotorservice.nl,new,motoroccasion.nl,,
South-East Motorcycles,info@southeastmotorcycles.nl,,Provinciale weg 7,5835CZ,Beugen,https://southeastmotorcycles.nl,new,motoroccasion.nl,,
Sovrano Motos Cycles Marignane,sovrano-moto@wanadoo.fr,FR,,,Marignane,https://sovrano-motoscycles.com,new,web-search-feb2026,,
Speed Motor Campobasso,speed.motor@hotmail.it,IT,,,Campobasso,https://www.speedmotorcampobasso.it,new,web-search-feb2026,,
Speedservice Motorshop,info@speedservice.nl,,Guido Gezellelaan 40,4624GM,Bergen op Zoom,https://speedservice.nl,new,motoroccasion.nl,,
Speedway Toulon La Garde,garde@speedway.fr,FR,,,La Garde,https://www.speedway.fr,new,web-search-feb2026,,
Sprimont 2 Roues,info@sprimont2roues.be,BE,,,Sprimont,https://www.sprimont2roues.be,new,web-search-feb2026,,
Star Twin Motors,info@startwinmotors.nl,,Kanaal Zuid 484,7371GL,Loenen,https://startwinmotors.nl,new,motoroccasion.nl,,
Starter Motos 71,olivier.startermotos@orange.fr,FR,,,Varennes-lès-Mâcon,https://www.startermotos.fr,new,web-search-feb2026,,
Stein Motoren,info@steinmotoren.nl,,De Lange Ring 24-i,1761AS,Anna Paulowna,https://steinmotoren.nl,new,motoroccasion.nl,,
Stella Motoren,info@stellamotoren.nl,,Hommel 9,7317BL,Apeldoorn,https://stellamotoren.nl,new,motoroccasion.nl,,
Stilmoto Sondrio,info@stilmotosondrio.com,IT,,,Sondrio,https://stilmotosondrio.com,new,web-search-feb2026,,
Stock Ath,info@stock-ath.be,BE,,,Irchonwelz,https://www.stock-ath.be,new,web-search-feb2026,,
Strada Motoren,info@stradamotoren.nl,,Kardinaal van Rossumstraat 44-A,5104HN,Dongen,https://stradamotoren.nl,new,motoroccasion.nl,,
Straver Motoren,info@stravermotoren.nl,,Lopikerweg West 115-B,3411AV,Lopik,https://stravermotoren.nl,new,motoroccasion.nl,,
Streetbikes,info@streetbikes.nl,,Patrijsstraat 2-A,4793HV,Fijnaart,https://streetbikes.nl,new,motoroccasion.nl,,
StuteHengst Köln,info@stutehengst.de,DE,,51103,Köln,https://stutehengst.de,new,web-search-feb2026,,
Sud Moto,info@sudmoto.be,BE,,1180,Uccle,https://sudmoto.be,new,sudmoto.be,,
Superbike Trapani,superbiketp@libero.it,IT,,,Trapani,https://moto.suzuki.it/dealer/96724,new,web-search-feb2026,,
Supermotorace Cernusco,info@supermotorace.com,IT,,,Cernusco Lombardone,https://www.supermotorace.com,new,web-search-feb2026,,
Suur Motoren,info@suurmotoren.nl,,Laurens Jzn Costerstraat 7-A,3261LH,Oud-Beijerland,https://suurmotoren.nl,new,motoroccasion.nl,,
Suzuki Dresden (Autohaus Tross),info@suzuki-dresden.de,DE,,,Dresden,https://www.autohaus-tross.de,new,web-search-feb2026,,
Suzuki Le Havre (Bazar de la Bécane),bazardelabecane@poledelamoto.fr,FR,,,Gonfreville-l'Orcher,https://poledelamoto.fr,new,web-search-feb2026,,
Swinkels Motoren Tilburg,info@swinkelsmotoren.nl,,Goirkestraat 106,5046GP,Tilburg,https://swinkelsmotoren.nl,new,motoroccasion.nl,,
T.D.K. Exclusive,info@tdk-exclusive.nl,,Pallasstraat 42,5048CJ,Tilburg,https://tdk-exclusive.nl,new,motoroccasion.nl,,
TC Moto Zaventem,info@tcmoto.be,BE,,,Zaventem,https://www.tcmoto.be,new,web-search-feb2026,,
TCS Motos Cholet,contact@tcsmotos.fr,FR,,,Cholet,https://tcsmotos.fr,new,web-search-feb2026,,
TLM Nijmegen,info@tlmnijmegen.nl,,Lagelandseweg 66,6545CG,Nijmegen,https://tlmnijmegen.nl,new,motoroccasion.nl,,
TT Motoren Zwolle,info@ttmotoren.nl,,Marsweg 1,8013PD,Zwolle,https://ttmotoren.nl,new,motoroccasion.nl,,
Tamburrino Moto,info@tamburrinomoto.it,IT,,80143,Napoli,https://tamburrinomoto.ligier.it,new,web-search-feb2026,,
Techmoto,info@techmoto.nl,,Pieter Braaijweg 113,1114AJ,Amsterdam-Duivendrecht,https://techmoto.nl,new,motoroccasion.nl,,
Technic Moto Annecy,magasin@technic-moto.fr,FR,,,Meythet,https://www.technic-moto.fr,new,web-search-feb2026,,
Ten Kate Motoren,info@tenkatemotoren.nl,,Rollecate 55,7711GG,Nieuwleusen,https://www.tenkatemotoren.nl,new,motoroccasion.nl,,
Termaat Motoren,info@termaatmotoren.nl,,Hertogstraat 74,6511SE,Nijmegen,https://termaatmotoren.nl,new,motoroccasion.nl,,
Thalen Motortrading,info@thalenmotortrading.nl,,Rheezerend 54,7701BG,Dedemsvaart,https://thalenmotortrading.nl,new,motoroccasion.nl,,
Thunderbike Harley-Davidson,info@thunderbike.de,DE,,,Hamminkeln,https://www.thunderbike.de,new,web-search-feb2026,,
Top Motor Modena,info@topmotor.it,IT,,,Modena,https://www.topmotor.it,new,web-search-feb2026,,
TopMoto Apeldoorn,info@topmoto.nl,,Molenstraat 153,7321BD,Apeldoorn,https://topmoto.nl,new,motoroccasion.nl,,
Torino Moto SRL (Suzuki ufficiale),info@torinomoto.com,IT,,,Torino,https://www.suzuki.it/dealer/torinomoto,new,web-search-feb2026,,
Tortora Moto Salerno,info@tortoramoto.it,IT,,84131,Salerno,,new,web-search-feb2026,,
Total Drive Motorcycles,info@totaldrivemotorcycles.nl,,Doctor Huub van Doorneweg 26C,5753PM,Deurne,https://totaldrivemotorcycles.nl,new,motoroccasion.nl,,
Track Support,info@tracksupport.nl,,Ketellaperstraat 19,9403VS,Assen,https://tracksupport.nl,new,motoroccasion.nl,,
Trentino in Moto,info@trentinoinmoto.com,IT,,,Trento,https://www.trentinoinmoto.it,new,web-search-feb2026,,
Triumph Alessandria (BiAuto),info@biautogroup.com,IT,,15122,Alessandria,https://www.triumphalessandria.it,new,web-search-feb2026,,
Triumph Augsburg (Dörr Bike),info@triumphaugsburg.de,DE,,,Augsburg,https://triumphaugsburg.de,new,web-search-feb2026,,
Triumph Bologna,service@triumphbologna.it,IT,,,Bologna,https://www.triumphbologna.it,new,web-search-feb2026,,
Triumph Brescia,info@triumphbrescia.it,IT,,,Brescia,https://www.triumphbrescia.it,new,web-search-feb2026,,
Triumph Hamburg,janine@triumph-hamburg.de,DE,,,Hamburg,https://triumph-hamburg.de,new,web-search-feb2026,,
Triumph Köln Ost (Löhmer),verkauf@motorrad-loehmer.de,DE,,,Köln,https://triumph-koeln-ost.de,new,web-search-feb2026,,
Triumph Leipzig (Klingenberger Kehl),mail@triumph-leipzig.de,DE,,04103,Leipzig,https://www.triumph-leipzig.de,new,web-search-feb2026,,
Triumph Magdeburg,info@triumph-magdeburg.de,DE,,39128,Magdeburg,https://www.triumph-magdeburg.de,new,web-search-feb2026,,
Triumph Moto Visé,info@moto-vise.be,BE,,,Visé,https://www.triumph-moto-vise.be,new,web-search-feb2026,,
Triumph Motorcycles Groningen,info@triumphgroningen.nl,,Oeverkruid 6,9738AK,Groningen,https://triumphgroningen.nl,new,motoroccasion.nl,,
Triumph Saarbrücken,info@triumphsb.de,DE,,,Saarbrücken,https://www.triumphsaarbruecken.de,new,web-search-feb2026,,
Triumph Sicilia Siracusa,siracusa@triumphsicilia.it,IT,,,Siracusa,https://www.triumphsicilia.it,new,web-search-feb2026,,
TurboMaxx Lübeck,info@turbomaxx.de,DE,,,Lübeck,https://www.turbomaxx.de,new,web-search-feb2026,,
Twin Performance Ommen,info@twin-performance.nl,,Strangeweg 19,7731GV,Ommen,https://twin-performance.nl,new,motoroccasion.nl,,
US Bikes,info@usbikes.nl,,Industrielaan 11,5405AA,Uden,https://usbikes.nl,new,motoroccasion.nl,,
USA Motorbike Shop,info@usamotorbikeshop.nl,,Boerendijk 11,7693PK,Sibculo,https://usamotorbikeshop.nl,new,motoroccasion.nl,,
Urban Moto,contact@urbanmoto.fr,FR,,,Marseille,https://urbanmoto.fr,new,web-search-feb2026,,
VBM Motoren,info@vbmmotoren.nl,,Industrieweg 46,5688DP,Oirschot,https://vbmmotoren.nl,new,motoroccasion.nl,,
VDH Motoren,info@vdhmotoren.nl,,Industrieweg 21 A,6651KR,Druten,https://vdhmotoren.nl,new,motoroccasion.nl,,
VN Motoren,info@vnmotoren.nl,,De Slof 24-A,5107RJ,Dongen,https://vnmotoren.nl,new,motoroccasion.nl,,
VP Motorsport,info@vpmotorsport.nl,,West Achterweg 53,3245BJ,Sommelsdijk,https://vpmotorsport.nl,new,motoroccasion.nl,,
VSP Motos,contact@vspmotos.fr,FR,,,Reims,https://www.vspmotos.fr,new,web-search-feb2026,,
Valentino Moto Lodi (CFMOTO),info@valentinomoto.it,IT,,,Lodi,https://cfmotoitaly.it/concessionari/,new,web-search-feb2026,,
Valeriano Moto Catania,valeriano1983@live.it,IT,,,Catania,https://www.valerianomoto.it,new,web-search-feb2026,,
Valtermoto Group Seregno,info@valtermotogroup.com,IT,,,Seregno,https://motomorinimonza.it,new,web-search-feb2026,,
Van Der Heyden Motors,info@vdheydenmotors.be,BE,,,Antwerpen,https://www.vdheydenmotors.be,new,web-search-feb2026,,
Van Der Veen Motoren,info@vanderveenmotoren.nl,,Oude Rijksweg 525a,7954GL,Rouveen,https://vanderveenmotoren.nl,new,motoroccasion.nl,,
Van Gerven Motoren,info@vangervenmotoren.nl,,Stokskesweg 21,5571TJ,Bergeyk,https://vangervenmotoren.nl,new,motoroccasion.nl,,
Van Harten Amersfoort,info@vanharten.nl,,Hanzeboulevard 24,3825PH,Amersfoort,https://vanharten.nl,new,motoroccasion.nl,,
Van Heerdt Motoren,info@vanheerdtmotoren.nl,,Oosterengweg 8-A,1221JV,Hilversum,https://vanheerdtmotoren.nl,new,motoroccasion.nl,,
Van Kleef Motoren,info@vankleefmotoren.nl,,Dorsvloerweg 419,2661MN,Bergschenhoek,https://vankleefmotoren.nl,new,motoroccasion.nl,,
Van Meel Motoren,info@vanmeelmotoren.nl,,Brieltjenspolder 26,4921PJ,Made,https://vanmeelmotoren.nl,new,motoroccasion.nl,,
Van Melis Motoren,info@vanmelismotoren.nl,,Burgemeester Rietmanstraat 2,5421JX,Gemert,https://vanmelismotoren.nl,new,motoroccasion.nl,,
Van Sleeuwen Motoren,info@vansleeuwen.nl,,Antoniusstraat 60,5408RD,Volkel,https://vansleeuwen.nl,new,motoroccasion.nl,,
Van Vliet Motorsport,info@vanvlietmotorsport.nl,,Vlotlaan 117,2681TW,Monster,https://vanvlietmotorsport.nl,new,motoroccasion.nl,,
Van Vuuren Motoren,info@vanvuurenmotoren.nl,,Gijbelandsedijk 74-C,2974VE,Brandwijk,https://vanvuurenmotoren.nl,new,motoroccasion.nl,,
Van de Kolk Motoren,info@vandekolkmotoren.nl,,Einsteinstraat 9A,7701SB,Dedemsvaart,https://vandekolkmotoren.nl,new,motoroccasion.nl,,
Van de Kuinder Motoren,info@vandekuinder.nl,,Verlengde Zuiderloswal 27,1216BW,Hilversum,https://vandekuinder.nl,new,motoroccasion.nl,,
Van de Pol Motoren,info@vandepolmotoren.nl,,Wolfstraat 74,5701JG,Helmond,https://vandepolmotoren.nl,new,motoroccasion.nl,,
Van de Pol Motoren Helmond,vandepolmotoren@gmail.com,NL,,5701 JG,Helmond,https://www.vandepolmotoren.nl,new,web-search-feb2026,,
Van den Burg Eindhoven,info@vandenburgeindhoven.nl,,Bisschop Bekkerslaan 8,5628RA,Eindhoven,https://vandenburgeindhoven.nl,new,motoroccasion.nl,,
Van der Weerd Motoren,info@vdweerdmotoren.nl,,Ardeschstraat 15,3861KX,Nijkerk,https://vdweerdmotoren.nl,new,motoroccasion.nl,,
Veenstra Motorsport / Bike Equipment,info@bike-equipment.nl,,Prikwei 32,8495NG,Aldeboarn,https://bike-equipment.nl,new,motoroccasion.nl,,
Verduyn Ducati Specialist,info@verduyn.nl,,Hoofdweg 328,2908LC,Capelle aan den IJssel,https://verduyn.nl,new,motoroccasion.nl,,
Verhoeven Motoren,info@verhoevenmotoren.nl,,Nijverheidsweg 1-D,6651KS,Druten,https://verhoevenmotoren.nl,new,motoroccasion.nl,,
Versteeg Motoren,info@versteegmotoren.nl,,De Houtakker 8A,6681CW,Bemmel,https://versteegmotoren.nl,new,motoroccasion.nl,,
Vicenza Moto,info@vicenzamoto.com,IT,,,Vicenza,https://www.vicenzamoto.com,new,web-search-feb2026,,
Victory Team Pavia,info@victoryteam.it,IT,,,Pavia,https://victoryteam.it,new,web-search-feb2026,,
Vos Oss Motoren,info@vossossmotoren.nl,,Singel 1940 1945 320,5348PV,Oss,https://vossossmotoren.nl,new,motoroccasion.nl,,
WELLER Premium Salzgitter,sz@wellergruppe.de,DE,,,Salzgitter,https://wellergruppe.de/unternehmen/standorte/salzgitter,new,web-search-feb2026,,
Warm Up Aalen,info@warm-up.net,DE,,,Aalen,https://www.triumph-ostalb.de,new,web-search-feb2026,,
Werther Nice,info@werther.fr,FR,,,Nice,https://www.motoservices.com,new,web-search-feb2026,,
Wesdorp Motoren,info@wesdorpmotoren.nl,,Kattendijk 43 E7,2831AA,Gouderak,https://wesdorpmotoren.nl,new,motoroccasion.nl,,
West Coast Motors,info@westcoastmotors.nl,,Madame Curiestraat 6,1821BM,Alkmaar,https://westcoastmotors.nl,new,motoroccasion.nl,,
Wild East Motorcycles Chemnitz,mail@wildeastmotorcycles.de,DE,,09120,Chemnitz,https://www.wildeastmotorcycles.de,new,web-search-feb2026,,
Wildeman Motoren Zwolle,info@wildemanmotoren.nl,,Meenteweg 30,8041AV,Zwolle,https://wildemanmotoren.nl,new,motoroccasion.nl,,
Wim ter Braake Motoren,info@wimterbraake.nl,,Nijverheidsweg 8,7948NE,Nijeveen,https://wimterbraake.nl,new,motoroccasion.nl,,
Wimmer und Merkel,info@wum-muc.de,DE,,,München,https://www.motorrad-wimmer-merkel.de,new,web-search-feb2026,,
Yamaha Le Havre (M2),contact@m2-lehavre.fr,FR,,,Gonfreville-l'Orcher,https://poledelamoto.fr,new,web-search-feb2026,,
Yamaha Nestler Neuenhagen,info@yamaha-nestler.de,DE,,,Neuenhagen,https://yamaha-nestler.de,new,web-search-feb2026,,
Yamaha Service Leipzig,yamaha-service@automobile-mueller.info,DE,,,Leipzig,https://www.automobile-mueller.info/yamaha-leipzig,new,web-search-feb2026,,
Yamaha Zentrum Berlin,kontakt@yamaha-zentrum.berlin,DE,,,Berlin,,new,web-search-feb2026,,
Yamaha Zentrum Leipzig (Müller),yamaha@automobile-mueller.info,DE,,04328,Leipzig,https://www.yamaha-zentrum-leipzig.de,new,web-search-feb2026,,
Yamaha Zentrum Rhein-Ruhr West,info@yamaha-zentrum-west.de,DE,,46049,Oberhausen,https://yamaha-zentrum-west.de,new,web-search-feb2026,,
Zeus Bike Forlì,info@zeusbike.it,IT,,,Forlì,https://zeusbike.it,new,web-search-feb2026,,
Zone Rouge,info@zonerouge.be,BE,,,Fosses-la-Ville,https://www.zonerouge.be,new,zonerouge.be,,
Zuurbier Motoren Zaltbommel,info@zuurbiermotoren.nl,,Dorpsstraat 20,5314AE,Bruchem,https://zuurbiermotoren.nl,new,motoroccasion.nl,,
Zwaan Motorsport,info@zwaanmotorsport.nl,,eco park 21 h,8305BJ,Emmeloord,https://zwaanmotorsport.nl,new,motoroccasion.nl,,
Zweirad Center Gawelleck Ingolstadt,info@zweirad-in.de,DE,,85055,Ingolstadt,https://www.zweirad-in.de,new,web-search-feb2026,,
Zweirad Harder Konstanz,info@zweirad-harder.de,DE,,,Konstanz,https://www.zweirad-harder.de,new,web-search-feb2026,,
Zweirad Waibel Wiernsheim,info@zweiradwaibel.de,DE,,,Wiernsheim-Pinache,https://www.zweiradwaibel.de,new,web-search-feb2026,,
Zweiradhaus Wieseck Gießen,info@zweiradhaus-wieseck.de,DE,,,Gießen,https://www.zweiradhaus-wieseck.de,new,web-search-feb2026,,
Zweiradsport Meine,info@team-meine.de,DE,,,Bayern/Norddt.,https://team-meine.de,new,web-search-feb2026,,
Zweiradteam Viole Göttingen,info@zweiradteam-viole.de,DE,,37079,Göttingen,https://www.zweiradteam-viole.de,new,web-search-feb2026,,
Zweiradwelt Ravensburg,info@zweiradwelt-ravensburg.de,DE,,,Ravensburg,https://zweiradwelt-ravensburg.de,new,web-search-feb2026,,
van Andel Motorsport,info@vanandelmotorsport.nl,,Dominee Bleekerstraat 11-1,8316CV,Marknesse,https://vanandelmotorsport.nl,new,motoroccasion.nl,,
van Doorn Motors,info@vandoornmotors.nl,,Kraaivenstraat 23-05,5048AB,Tilburg,https://vandoornmotors.nl,new,motoroccasion.nl,,
van Harten Automotive,info@vanhartenautomotive.nl,,Molenstraat 32,3927AC,Renswoude,https://vanhartenautomotive.nl,new,motoroccasion.nl,,
van Hoeijen Motoren,info@vanhoeijenmotoren.nl,,Klettersteeg 7-A,3791PA,Achterveld,https://vanhoeijenmotoren.nl,new,motoroccasion.nl,,
